List_2020,List_2021,List_2022,List_2023,List_2024
"player,player_id,position,team_name,player_game_count,accuracy_percent,aimed_passes,attempts,avg_depth_of_target,avg_time_to_throw,bats,big_time_throws,btt_rate,completion_percent,completions,declined_penalties,def_gen_pressures,drop_rate,dropbacks,drops,first_downs,franchise_id,grades_hands_fumble,grades_offense,grades_pass,grades_run,hit_as_threw,interceptions,passing_snaps,penalties,pressure_to_sack_rate,qb_rating,sack_percent,sacks,scrambles,spikes,thrown_aways,touchdowns,turnover_worthy_plays,twp_rate,yards,ypa
","player,player_id,position,team_name,player_game_count,accuracy_percent,aimed_passes,attempts,avg_depth_of_target,avg_time_to_throw,bats,big_time_throws,btt_rate,completion_percent,completions,declined_penalties,def_gen_pressures,drop_rate,dropbacks,drops,first_downs,franchise_id,grades_hands_fumble,grades_offense,grades_pass,grades_run,hit_as_threw,interceptions,passing_snaps,penalties,pressure_to_sack_rate,qb_rating,sack_percent,sacks,scrambles,spikes,thrown_aways,touchdowns,turnover_worthy_plays,twp_rate,yards,ypa
","player,player_id,position,team_name,player_game_count,accuracy_percent,aimed_passes,attempts,avg_depth_of_target,avg_time_to_throw,bats,big_time_throws,btt_rate,completion_percent,completions,declined_penalties,def_gen_pressures,drop_rate,dropbacks,drops,first_downs,franchise_id,grades_hands_fumble,grades_offense,grades_pass,grades_run,hit_as_threw,interceptions,passing_snaps,penalties,pressure_to_sack_rate,qb_rating,sack_percent,sacks,scrambles,spikes,thrown_aways,touchdowns,turnover_worthy_plays,twp_rate,yards,ypa
","player,player_id,position,team_name,player_game_count,accuracy_percent,aimed_passes,attempts,avg_depth_of_target,avg_time_to_throw,bats,big_time_throws,btt_rate,completion_percent,completions,declined_penalties,def_gen_pressures,drop_rate,dropbacks,drops,first_downs,franchise_id,grades_hands_fumble,grades_offense,grades_pass,grades_run,hit_as_threw,interceptions,passing_snaps,penalties,pressure_to_sack_rate,qb_rating,sack_percent,sacks,scrambles,spikes,thrown_aways,touchdowns,turnover_worthy_plays,twp_rate,yards,ypa
","player,player_id,position,team_name,player_game_count,accuracy_percent,aimed_passes,attempts,avg_depth_of_target,avg_time_to_throw,bats,big_time_throws,btt_rate,completion_percent,completions,declined_penalties,def_gen_pressures,drop_rate,dropbacks,drops,first_downs,franchise_id,grades_hands_fumble,grades_offense,grades_pass,grades_run,hit_as_threw,interceptions,passing_snaps,penalties,pressure_to_sack_rate,qb_rating,sack_percent,sacks,scrambles,spikes,thrown_aways,touchdowns,turnover_worthy_plays,twp_rate,yards,ypa
"
"Tom Brady,698,QB,TB,20,74.0,712,748,9.8,2.41,7,56,7.1,64.4,482,1,185,8.5,780,45,287,30,90.8,93.3,92.3,67.5,4,15,829,5,14.6,101.4,3.5,27,4,4,21,50,16,1.9,5694,7.6
","Tom Brady,698,QB,TB,19,76.4,766,810,8.2,2.33,10,44,5.2,67.2,544,0,175,7,849,41,303,30,90.5,91.7,90.5,77.5,5,13,881,2,16.6,100.7,3.4,29,10,2,27,46,16,1.8,5916,7.3
","Tom Brady,698,QB,TB,18,74.8,743,799,7.3,2.3,12,36,4.3,65.7,525,0,166,5.6,829,31,258,30,75.1,77.5,77.1,44.0,4,10,878,3,14.5,89.2,2.9,24,4,3,37,27,23,2.6,5054,6.3
","Jared Goff,10635,QB,DET,19,78.5,623,675,7.2,2.56,10,23,3.3,68.0,459,0,251,6.1,718,30,262,11,57.9,85.3,84.9,51.9,8,12,751,10,13.9,99.4,4.9,35,8,4,30,33,19,2.5,5138,7.6
","Jared Goff,10635,QB,DET,19,78.5,623,675,7.2,2.56,10,23,3.3,68,459,0,251,6.1,718,30,262,11,57.9,85.3,84.9,51.9,8,12,751,10,13.9,99.4,4.9,35,8,4,30,33,19,2.5,5138,7.6
"
"Patrick Mahomes,11765,QB,KC,18,77.1,656,705,8.5,2.91,10,50,6.7,66.1,466,0,270,7.9,779,40,305,16,67.3,91.8,90.5,78.0,6,8,827,0,9.6,105.3,3.3,26,47,2,31,42,23,2.8,5590,7.9
","Patrick Mahomes,11765,QB,KC,20,79.2,708,780,7.4,2.87,6,30,3.6,67.3,525,0,276,6.4,880,36,346,16,47.4,80.1,75.7,84,8,16,937,5,13.4,101.6,4.2,37,61,0,58,48,24,2.6,5896,7.6
","Patrick Mahomes,11765,QB,KC,20,78.0,685,747,7.5,2.85,7,38,4.8,67.7,506,0,286,5.2,835,28,341,16,81.0,92.0,90.1,89.7,10,12,885,1,10.1,106.5,3.5,29,55,0,45,48,19,2.1,5955,8.0
","Patrick Mahomes,11765,QB,KC,18,78.6,602,661,7.0,3.01,6,28,4.0,66.7,441,1,264,6.8,745,32,261,16,78.0,89.1,84.2,85.7,13,14,793,6,10.2,93.4,3.6,27,55,2,38,30,21,2.6,4660,7.0
","Patrick Mahomes,11765,QB,KC,18,78.6,602,661,7,3.01,6,28,4,66.7,441,1,264,6.8,745,32,261,16,78,89.1,84.2,85.7,13,14,793,6,10.2,93.4,3.6,27,55,2,38,30,21,2.6,4660,7
"
"Josh Allen,46601,QB,BUF,19,78.7,643,692,9.3,3.04,10,45,6.1,68.4,473,1,280,6.5,767,33,289,4,52.7,90.3,87.9,76.6,5,11,820,6,11.8,104.9,4.3,33,42,0,34,42,29,3.5,5361,7.7
","Matthew Stafford,4924,QB,LA,21,76.6,709,741,8.9,2.66,8,47,6,67.7,502,0,208,7.6,793,41,296,26,85.9,86.1,84.6,73.9,7,20,831,10,17.8,103.9,4.7,37,15,1,16,50,29,3.5,6074,8.2
","Justin Herbert,28237,QB,LAC,18,78.8,673,743,6.9,2.74,23,24,3.1,67.7,503,1,288,5.1,812,27,249,27,74.0,77.9,76.7,60.2,16,10,840,2,14.2,92.7,5.0,41,24,2,29,26,14,1.7,5016,6.8
","Dak Prescott,10769,QB,DAL,18,77.0,626,651,8.5,2.72,11,41,5.9,69.4,452,0,229,6.2,731,30,263,9,84.3,90.0,87.0,78.6,6,11,784,5,18.3,104.4,5.7,42,34,0,8,39,17,2.2,4922,7.6
","Dak Prescott,10769,QB,DAL,18,77,626,651,8.5,2.72,11,41,5.9,69.4,452,0,229,6.2,731,30,263,9,84.3,90,87,78.6,6,11,784,5,18.3,104.4,5.7,42,34,0,8,39,17,2.2,4922,7.6
"
"Ben Roethlisberger,1732,QB,PIT,16,75.4,646,676,7.6,2.19,18,29,4.0,66.0,446,0,145,8.4,694,41,223,25,82.7,69.0,68.3,50.5,6,14,745,2,9.0,93.2,1.9,13,3,0,6,37,21,2.8,4304,6.4
","Josh Allen,46601,QB,BUF,19,74.8,651,708,9.1,2.89,17,44,5.9,64.5,457,0,264,6.2,793,30,287,4,64.9,90.9,81.9,93.6,4,15,843,4,10.6,97.9,3.5,28,55,0,36,45,27,3.2,5044,7.1
","Joe Burrow,28022,QB,CIN,19,77.3,660,715,7.6,2.5,21,37,4.9,68.0,486,0,223,4.7,803,24,269,7,75.8,92.0,91.0,78.0,7,14,858,7,22.9,99.0,6.4,51,35,2,25,39,18,2.1,5195,7.3
","Josh Allen,46601,QB,BUF,19,77.1,603,648,8.6,2.87,6,42,6.2,66.7,432,0,259,7.1,732,33,249,4,59.8,92.1,88.5,91.4,5,18,775,9,10.0,93.2,3.6,26,58,2,32,33,23,3.0,4696,7.2
","Josh Allen,46601,QB,BUF,19,77.1,603,648,8.6,2.87,6,42,6.2,66.7,432,0,259,7.1,732,33,249,4,59.8,92.1,88.5,91.4,5,18,775,9,10,93.2,3.6,26,58,2,32,33,23,3,4696,7.2
"
"Matt Ryan,4317,QB,ATL,16,76.5,574,626,9.3,2.75,11,31,4.7,65.0,407,0,233,7.3,683,32,249,2,76.4,83.1,82.1,53.3,6,11,721,2,17.6,93.3,6.0,41,16,1,34,26,21,2.9,4581,7.3
","Derek Carr,8671,QB,LV,18,77,631,680,8.4,2.73,10,41,5.7,67.2,457,0,252,6,744,29,236,23,57.7,77.6,77.5,54.6,6,15,789,5,17.1,92,5.8,43,19,4,29,24,25,3.2,5114,7.5
","Kirk Cousins,7102,QB,MIN,18,76.7,621,682,7.9,2.69,12,31,4.3,66.7,455,0,269,4.4,740,21,252,18,71.1,79.3,77.7,73.6,12,14,784,8,17.1,93.7,6.2,46,12,3,34,31,23,2.9,4821,7.1
","Baker Mayfield,46518,QB,TB,19,73.9,597,643,9.0,2.74,17,30,4.4,64.1,412,1,248,6.6,728,29,231,30,77.8,77.2,74.8,69.5,10,12,777,3,19.4,96.0,6.6,48,32,0,19,34,26,3.3,4731,7.4
","Baker Mayfield,46518,QB,TB,19,73.9,597,643,9,2.74,17,30,4.4,64.1,412,1,248,6.6,728,29,231,30,77.8,77.2,74.8,69.5,10,12,777,3,19.4,96,6.6,48,32,0,19,34,26,3.3,4731,7.4
"
"Aaron Rodgers,2241,QB,GB,18,81.2,564,610,8.3,2.68,3,49,7.6,70.2,428,1,160,6.6,660,30,264,12,88.1,95.1,94.7,56.0,2,6,700,6,15.6,119.2,3.8,25,25,3,38,53,15,2.1,4941,8.1
","Justin Herbert,28237,QB,LAC,17,77.1,624,672,7.9,2.72,17,27,3.8,65.9,443,0,199,7.9,740,38,273,27,92.6,90,85.8,79.1,6,15,793,2,15.6,97.7,4.2,31,36,1,24,38,13,1.6,5014,7.5
","Trevor Lawrence,77632,QB,JAX,19,76.3,624,670,7.9,2.5,17,35,5.0,65.5,439,0,210,7.8,733,37,246,15,46.0,78.6,74.1,83.9,3,13,772,6,14.8,92.2,4.2,31,27,3,23,30,23,3.0,4618,6.9
","Jordan Love,40306,QB,GB,19,72.9,597,634,8.9,2.73,8,37,5.5,64.5,409,0,212,6.0,689,26,237,12,57.7,83.6,83.2,59.5,7,13,725,11,13.7,97.1,4.2,29,23,2,20,37,18,2.5,4624,7.3
","Jordan Love,40306,QB,GB,19,72.9,597,634,8.9,2.73,8,37,5.5,64.5,409,0,212,6,689,26,237,12,57.7,83.6,83.2,59.5,7,13,725,11,13.7,97.1,4.2,29,23,2,20,37,18,2.5,4624,7.3
"
"Jared Goff,10635,QB,LA,17,78.8,539,598,6.8,2.66,15,14,2.3,66.9,400,0,200,5.9,651,25,215,26,73.4,71.3,71.6,55.1,8,13,672,7,14.5,90.9,4.5,29,24,2,34,22,20,3.0,4281,7.2
","Joe Burrow,28022,QB,CIN,20,79.8,619,662,8.2,2.62,14,39,5.6,69.9,463,1,260,6.3,759,31,266,7,78.3,91.8,91.1,67.3,3,16,799,4,26.9,105.9,9.2,70,26,3,23,39,17,2.1,5716,8.6
","Josh Allen,46601,QB,BUF,18,74.2,596,648,10.2,2.91,17,52,7.6,62.8,407,0,266,7.9,754,35,277,4,43.5,91.8,85.8,92.8,4,17,794,2,15.4,94.5,5.4,41,63,1,30,38,33,4.2,4898,7.6
","Sam Howell,97599,QB,WAS,17,75.0,555,612,7.7,2.84,17,30,4.7,63.4,388,0,277,6.7,712,28,193,32,81.3,60.3,57.6,72.0,6,21,750,3,23.5,78.9,9.1,65,33,0,34,21,31,4.1,3945,6.4
","Sam Howell,97599,QB,WAS,17,75,555,612,7.7,2.84,17,30,4.7,63.4,388,0,277,6.7,712,28,193,32,81.3,60.3,57.6,72,6,21,750,3,23.5,78.9,9.1,65,33,0,34,21,31,4.1,3945,6.4
"
"Justin Herbert,28237,QB,LAC,15,75.8,553,595,7.8,2.61,12,31,4.9,66.6,396,0,239,5.5,653,23,228,27,74.2,79.9,78.4,63.8,12,10,689,2,13.4,98.3,4.9,32,25,4,14,31,16,2.3,4336,7.3
","Ben Roethlisberger,1732,QB,PIT,17,72.5,626,649,7.1,2.25,12,24,3.4,64.6,419,0,154,7.7,692,35,206,25,28.1,53,52.8,52.5,3,10,740,2,26,87.2,5.8,40,3,2,6,24,36,4.9,3955,6.1
","Geno Smith,7820,QB,SEA,18,77.7,565,607,8.3,2.79,8,35,5.4,69.9,424,0,232,3.4,693,15,236,29,76.4,79.3,75.4,83.8,6,12,738,8,21.1,100.8,7.1,49,36,1,27,32,31,4.2,4535,7.5
","Tua Tagovailoa,60326,QB,MIA,18,76.1,568,600,8.1,2.33,10,36,5.8,68.2,409,0,163,5.3,655,23,237,17,56.6,86.9,88.6,29.9,3,15,683,6,19.0,99.0,4.7,31,19,2,17,30,23,3.4,4878,8.1
","Tua Tagovailoa,60326,QB,MIA,18,76.1,568,600,8.1,2.33,10,36,5.8,68.2,409,0,163,5.3,655,23,237,17,56.6,86.9,88.6,29.9,3,15,683,6,19,99,4.7,31,19,2,17,30,23,3.4,4878,8.1
"
"Philip Rivers,1725,QB,IND,17,77.0,551,590,7.7,2.38,12,29,4.6,67.3,397,1,143,6.4,610,27,217,14,90.8,79.4,77.8,59.6,5,11,647,5,13.3,96.7,3.1,19,1,3,19,26,22,3.4,4478,7.6
","Dak Prescott,10769,QB,DAL,17,76.5,604,639,8.3,2.7,12,34,4.9,67.8,433,0,222,6.3,703,29,244,9,37,82.4,83.5,41.6,7,11,760,3,15.8,101.9,5,35,24,1,15,38,24,3.2,4703,7.4
","Jared Goff,10635,QB,DET,17,77.8,531,587,7.6,2.69,15,18,2.9,65.1,382,0,187,7.5,626,31,230,11,64.3,72.4,71.6,53.0,8,7,663,1,12.3,99.3,3.7,23,15,1,32,29,24,3.6,4438,7.6
","Jalen Hurts,40291,QB,PHI,18,75.8,521,573,8.9,3.11,8,29,4.8,65.8,377,0,270,4.6,661,18,211,24,66.5,86.7,83.9,76.7,6,15,693,7,14.4,89.8,5.9,39,47,0,38,24,16,2.3,4108,7.2
","Jalen Hurts,40291,QB,PHI,18,75.8,521,573,8.9,3.11,8,29,4.8,65.8,377,0,270,4.6,661,18,211,24,66.5,86.7,83.9,76.7,6,15,693,7,14.4,89.8,5.9,39,47,0,38,24,16,2.3,4108,7.2
"
"Russell Wilson,7077,QB,SEA,17,78.6,548,585,9.1,3.03,5,47,7.6,67.5,395,0,271,8.4,696,36,242,29,83.1,90.5,88.7,77.4,4,14,734,8,18.8,103.6,7.3,51,58,1,27,42,18,2.5,4386,7.5
","Trevor Lawrence,77632,QB,JAX,17,72.4,547,602,8.2,2.84,9,22,3.4,59.6,359,0,220,9.3,668,37,187,15,61.7,59.6,58.3,63.6,13,17,709,2,14.5,71.9,4.8,32,33,3,30,12,26,3.7,3641,6
","Jalen Hurts,40291,QB,PHI,18,77.4,500,547,8.7,2.86,13,26,4.5,66.5,364,0,189,5.9,637,23,210,24,66.7,88.2,83.8,83.8,2,6,673,6,21.2,100.8,6.3,40,48,0,32,25,12,1.8,4280,7.8
","Trevor Lawrence,77632,QB,JAX,16,74.7,530,564,8.6,2.54,14,35,5.8,65.6,370,0,190,6.6,645,26,194,15,36.5,79.7,78.6,69.9,7,14,681,8,18.4,88.5,5.4,35,41,0,13,21,26,3.8,4017,7.1
","Trevor Lawrence,77632,QB,JAX,16,74.7,530,564,8.6,2.54,14,35,5.8,65.6,370,0,190,6.6,645,26,194,15,36.5,79.7,78.6,69.9,7,14,681,8,18.4,88.5,5.4,35,41,0,13,21,26,3.8,4017,7.1
"
"Kyler Murray,38334,QB,ARZ,16,76.5,507,558,8.3,2.82,11,27,4.6,67.2,375,0,172,3.4,638,13,227,1,83.1,82.8,77.2,86.5,1,12,674,7,15.7,94.3,4.2,27,51,8,31,26,17,2.5,3971,7.1
","Kirk Cousins,7102,QB,MIN,16,77.6,508,561,8.5,2.59,9,30,5,66.3,372,0,206,5.6,611,22,195,18,42.4,88.2,86.8,60,18,7,647,4,13.6,103.1,4.6,28,15,5,21,33,18,2.8,4221,7.5
","Aaron Rodgers,2241,QB,GB,17,75.8,501,542,8.5,2.67,7,33,5.7,64.6,350,0,157,7.9,588,30,183,12,85.6,77.5,75.9,63.5,3,12,624,7,20.4,91.1,5.4,32,13,2,29,26,18,2.9,3695,6.8
","Matthew Stafford,4924,QB,LA,16,74.3,513,557,8.2,2.59,8,37,6.3,63.0,351,0,203,7.9,605,30,204,26,92.1,88.2,86.0,61.3,4,11,643,7,15.8,94.3,5.3,32,14,3,29,26,12,1.9,4332,7.8
","Matthew Stafford,4924,QB,LA,16,74.3,513,557,8.2,2.59,8,37,6.3,63,351,0,203,7.9,605,30,204,26,92.1,88.2,86,61.3,4,11,643,7,15.8,94.3,5.3,32,14,3,29,26,12,1.9,4332,7.8
"
"Baker Mayfield,46518,QB,CLV,18,76.4,500,557,8.8,2.93,11,34,5.8,62.7,349,0,155,8.6,612,33,222,8,65.1,85.7,85.1,58.1,3,9,648,9,17.4,95.7,4.4,27,27,5,38,30,18,2.8,4030,7.2
","Aaron Rodgers,2241,QB,GB,17,77.7,520,560,8.1,2.6,6,36,6.1,68.9,386,0,162,4.5,612,18,227,12,88.5,89.4,87,67.9,4,4,645,3,21.6,110.9,5.7,35,17,4,26,37,13,2,4340,7.8
","Daniel Jones,39395,QB,NYG,18,80.1,482,534,6.5,3.01,11,8,1.4,66.7,356,0,273,7.8,650,30,214,21,50.8,75.8,70.0,84.4,6,6,693,8,18.7,92.0,7.8,51,65,5,30,17,21,3.0,3642,6.8
","C.J. Stroud,129759,QB,HST,17,74.2,512,553,9.3,2.93,9,26,4.4,64.0,354,0,219,6.8,618,26,215,13,52.1,83.1,80.2,73.4,3,5,653,4,17.4,101.7,6.1,38,25,6,23,26,18,2.8,4557,8.2
","C.J. Stroud,129759,QB,HST,17,74.2,512,553,9.3,2.93,9,26,4.4,64,354,0,219,6.8,618,26,215,13,52.1,83.1,80.2,73.4,3,5,653,4,17.4,101.7,6.1,38,25,6,23,26,18,2.8,4557,8.2
"
"Deshaun Watson,11767,QB,HST,16,78.4,515,544,9.4,2.98,7,42,7.4,70.2,382,0,236,5.4,656,22,246,13,68.9,92.4,91.1,81.4,1,7,687,3,20.8,112.4,7.5,49,62,2,19,33,14,2.0,4823,8.9
","Matt Ryan,4317,QB,ATL,17,75.9,523,560,7.8,2.69,13,26,4.4,67,375,0,245,5.5,617,22,199,2,35,74.7,75.9,41,6,12,653,5,16.3,90.4,6.5,40,17,1,17,20,21,3.2,3968,7.1
","Derek Carr,8671,QB,LV,15,70.8,455,502,9.7,2.84,8,21,4.0,60.8,305,0,196,5.3,544,17,168,23,67.1,66.6,65.4,68.1,10,14,575,6,13.8,86.3,5.0,27,14,0,29,24,19,3.3,3522,7.0
","Derek Carr,8671,QB,NO,17,76.8,514,548,8.2,2.57,3,18,3.2,68.4,375,0,181,5.1,588,20,187,20,61.9,77.2,77.0,46.6,6,8,609,4,17.1,97.7,5.3,31,9,0,25,25,14,2.3,3878,7.1
","Derek Carr,8671,QB,NO,17,76.8,514,548,8.2,2.57,3,18,3.2,68.4,375,0,181,5.1,588,20,187,20,61.9,77.2,77,46.6,6,8,609,4,17.1,97.7,5.3,31,9,0,25,25,14,2.3,3878,7.1
"
"Matthew Stafford,4924,QB,DET,16,73.8,497,528,9.4,2.54,8,32,5.6,64.2,339,0,166,7.6,583,28,215,11,77.8,82.0,78.6,82.5,5,10,626,3,23.5,96.3,6.7,39,16,7,11,26,14,2.2,4084,7.7
","Mac Jones,60323,QB,NE,18,75,525,559,8.3,2.62,10,26,4.4,67.3,376,0,170,4.6,609,18,199,19,77.6,80,78.5,72.1,2,15,644,7,18.2,91.3,5.1,31,17,2,20,24,16,2.5,4033,7.2
","Russell Wilson,7077,QB,DEN,15,74.1,432,484,9.5,2.94,18,23,4.4,60.5,293,0,204,8.4,569,27,154,10,85.5,66.2,64.5,67.2,3,11,613,4,27.0,84.6,9.7,55,28,1,30,16,16,2.6,3540,7.3
","Bryce Young,123943,QB,CAR,16,71.9,463,527,7.8,2.9,7,18,3.2,59.8,315,1,253,5.4,622,18,150,5,27.7,56.0,52.6,78.1,5,10,663,6,24.5,73.7,10.0,62,31,1,51,11,22,3.3,2877,5.5
","Bryce Young,123943,QB,CAR,16,71.9,463,527,7.8,2.9,7,18,3.2,59.8,315,1,253,5.4,622,18,150,5,27.7,56,52.6,78.1,5,10,663,6,24.5,73.7,10,62,31,1,51,11,22,3.3,2877,5.5
"
"Derek Carr,8671,QB,LV,16,78.5,478,517,8.5,2.77,7,37,6.7,67.3,348,1,170,7.2,566,27,203,23,43.4,84.7,83.9,55.7,5,9,604,2,15.3,101.4,4.6,26,23,4,23,27,18,3.0,4103,7.9
","Ryan Tannehill,7014,QB,TEN,18,77.1,519,555,8,2.59,11,22,3.7,67,372,0,215,7,625,28,216,31,58.5,83.7,81.6,71.1,12,17,660,5,22.3,88.1,7.7,48,22,1,12,22,23,3.5,3954,7.1
","Davis Mills,52269,QB,HST,15,69.9,439,479,8.4,2.66,11,21,4.1,61.0,292,0,213,4.9,529,15,142,13,60.6,61.9,63.6,43.2,11,15,562,4,14.6,78.8,5.9,31,17,1,17,17,15,2.7,3118,6.5
","Geno Smith,7820,QB,SEA,15,77.4,446,499,8.2,2.73,13,32,6.0,64.7,323,0,223,6.4,553,22,177,29,68.8,82.9,82.1,62.8,8,9,591,6,13.9,92.1,5.6,31,20,4,28,20,21,3.6,3624,7.3
","Geno Smith,7820,QB,SEA,15,77.4,446,499,8.2,2.73,13,32,6,64.7,323,0,223,6.4,553,22,177,29,68.8,82.9,82.1,62.8,8,9,591,6,13.9,92.1,5.6,31,20,4,28,20,21,3.6,3624,7.3
"
"Kirk Cousins,7102,QB,MIN,16,78.6,467,516,8.7,2.75,9,24,4.3,67.6,349,0,221,4.9,572,18,222,18,61.2,83.4,80.6,79.2,8,13,613,6,17.6,105.0,6.8,39,17,3,29,35,18,2.9,4265,8.3
","Carson Wentz,10636,QB,IND,17,72.3,477,516,8.4,2.78,7,22,4,62.4,322,0,211,6.7,575,23,173,14,46.4,70.9,67.9,73.6,13,7,622,4,15.2,94.6,5.6,32,27,0,19,27,18,2.9,3563,6.9
","Dak Prescott,10769,QB,DAL,14,75.1,442,464,8.6,2.71,4,19,3.9,66.6,309,0,158,6.9,507,23,173,9,83.2,71.8,68.2,74.4,6,17,531,5,13.9,92.7,4.3,22,21,0,12,28,20,3.8,3371,7.3
","Gardner Minshew,41401,QB,IND,16,74.2,446,490,7.8,2.67,14,14,2.7,62.2,305,0,190,7.9,546,26,153,14,42.5,62.0,60.6,59.6,4,9,580,4,17.9,84.6,6.2,34,21,0,26,15,22,3.8,3305,6.7
","Gardner Minshew,41401,QB,IND,16,74.2,446,490,7.8,2.67,14,14,2.7,62.2,305,0,190,7.9,546,26,153,14,42.5,62,60.6,59.6,4,9,580,4,17.9,84.6,6.2,34,21,0,26,15,22,3.8,3305,6.7
"
"Ryan Tannehill,7014,QB,TEN,17,76.3,464,507,8.7,2.64,10,20,3.7,65.7,333,0,171,5.9,556,21,222,31,68.8,90.6,86.0,90.9,10,8,586,2,14.6,105.3,4.5,25,23,0,23,34,23,3.9,3984,7.9
","Jimmy Garoppolo,8697,QB,SF,18,77.3,480,515,7.6,2.56,11,12,2.2,66.8,344,0,167,7.3,556,27,205,28,57.7,71.2,70.2,62.9,5,15,584,6,19.8,95,5.9,33,8,4,15,22,30,5.1,4341,8.4
","Matt Ryan,4317,QB,IND,12,78.6,416,461,6.5,2.58,9,6,1.2,67.0,309,0,171,5.5,509,18,160,14,26.9,63.8,63.0,60.3,5,13,535,3,22.2,83.9,7.5,38,10,1,30,14,23,4.3,3057,6.6
","Brock Purdy,77672,QB,SF,17,77.4,447,483,8.4,2.7,9,29,5.7,68.5,331,0,210,4.3,541,15,211,28,66.0,86.7,81.6,90.9,4,11,568,5,13.8,110.9,5.4,29,19,4,19,32,19,3.3,4532,9.4
","Brock Purdy,77672,QB,SF,17,77.4,447,483,8.4,2.7,9,29,5.7,68.5,331,0,210,4.3,541,15,211,28,66,86.7,81.6,90.9,4,11,568,5,13.8,110.9,5.4,29,19,4,19,32,19,3.3,4532,9.4
"
"Teddy Bridgewater,8667,QB,CAR,15,79.6,456,492,7.6,2.61,10,17,3.3,69.1,340,1,173,6.3,560,23,189,5,68.2,66.0,66.4,53.9,2,11,594,5,17.9,92.1,5.5,31,36,2,22,15,20,3.4,3733,7.6
","Kyler Murray,38334,QB,ARZ,15,76.2,478,515,8.2,2.78,9,43,7.9,68.3,352,0,187,3.3,582,12,191,1,49,82.9,86.7,49.2,1,12,617,4,17.6,96.7,5.7,33,31,0,27,24,14,2.3,3931,7.6
","Mac Jones,60323,QB,NE,14,74.3,412,442,8.2,2.69,7,22,4.7,65.2,288,0,145,5.9,496,18,134,19,90.1,67.5,68.7,56.2,1,11,523,8,23.4,84.8,6.9,34,20,2,20,14,14,2.7,2997,6.8
","Lamar Jackson,46416,QB,BLT,17,77.8,446,479,9.0,3.18,9,25,4.9,67.4,323,2,214,6.9,587,24,202,3,46.4,90.9,85.5,90.0,7,7,628,10,18.7,103.6,6.8,40,67,1,16,26,16,2.5,3830,8.0
","Lamar Jackson,46416,QB,BLT,17,77.8,446,479,9,3.18,9,25,4.9,67.4,323,2,214,6.9,587,24,202,3,46.4,90.9,85.5,90,7,7,628,10,18.7,103.6,6.8,40,67,1,16,26,16,2.5,3830,8
"
"Drew Brees,802,QB,NO,14,78.9,435,463,6.5,2.47,7,16,3.3,69.5,322,0,122,6.1,478,21,168,20,71.6,71.5,69.5,70.2,3,9,498,3,10.7,101.4,2.7,13,2,2,16,27,22,4.4,3341,7.2
","Jared Goff,10635,QB,DET,14,77,456,494,6.8,2.66,5,12,2.3,67.2,332,1,177,5.4,541,19,165,11,39.5,60.3,61.7,39.6,3,8,574,9,19.8,91.5,6.5,35,12,5,25,19,18,3.1,3245,6.6
","Tua Tagovailoa,60326,QB,MIA,13,74.2,376,400,10.1,2.52,5,18,4.3,64.8,259,1,111,7.2,432,20,165,17,45.9,81.9,81.4,52.0,2,8,455,4,18.9,105.5,4.9,21,10,1,16,25,19,4.2,3548,8.9
","Justin Herbert,28237,QB,LAC,13,74.7,427,456,8.2,2.79,7,24,5.0,65.1,297,1,186,6.9,520,22,164,27,66.7,85.5,83.1,73.2,8,7,552,5,15.6,93.2,5.6,29,32,0,14,20,13,2.4,3134,6.9
","Justin Herbert,28237,QB,LAC,13,74.7,427,456,8.2,2.79,7,24,5,65.1,297,1,186,6.9,520,22,164,27,66.7,85.5,83.1,73.2,8,7,552,5,15.6,93.2,5.6,29,32,0,14,20,13,2.4,3134,6.9
"
"Daniel Jones,39395,QB,NYG,14,74.8,413,448,8.0,2.7,10,24,5.0,62.5,280,0,208,9.4,516,29,168,21,34.1,78.4,74.4,78.8,8,10,552,5,21.6,80.4,8.7,45,22,2,15,11,17,3.1,2943,6.6
","Taylor Heinicke,9896,QB,WAS,16,73.3,464,494,8.2,2.99,9,18,3.4,65,321,0,199,5.6,575,19,183,32,61.8,59.4,58.9,59.3,4,15,616,4,19.1,85.9,6.6,38,42,3,14,20,27,4.4,3419,6.9
","Kyler Murray,38334,QB,ARZ,11,77.0,357,390,7.2,2.61,9,9,2.2,66.4,259,0,120,5.8,443,16,128,1,47.9,67.1,63.4,71.8,2,7,473,1,20.8,87.2,5.6,25,25,3,19,14,18,3.8,2363,6.1
","Russell Wilson,7077,QB,DEN,15,78.8,400,447,7.8,3.07,11,27,5.6,66.4,297,0,218,5.7,530,18,150,10,28.9,77.5,72.5,80.3,5,8,568,2,20.6,98.0,8.5,45,36,4,27,26,17,3.0,3075,6.9
","Russell Wilson,7077,QB,DEN,15,78.8,400,447,7.8,3.07,11,27,5.6,66.4,297,0,218,5.7,530,18,150,10,28.9,77.5,72.5,80.3,5,8,568,2,20.6,98,8.5,45,36,4,27,26,17,3,3075,6.9
"
"Drew Lock,39517,QB,DEN,13,68.7,406,443,9.7,2.79,8,30,6.4,57.3,254,0,160,9.0,484,25,151,10,29.8,63.5,63.4,53.6,11,15,510,4,11.9,75.4,3.9,19,22,2,16,16,23,4.5,2933,6.6
","Jalen Hurts,40291,QB,PHI,16,72.4,428,475,9.5,3.18,12,25,5,60.6,288,0,206,7.1,556,22,179,24,72.2,77.1,69.2,86.9,9,11,591,3,13.1,84.7,4.9,27,51,2,24,17,23,3.9,3402,7.2
","Kenny Pickett,60515,QB,PIT,13,73.3,360,389,8.0,2.99,8,18,4.3,63.0,245,1,140,7.2,444,19,134,25,80.5,75.5,73.0,77.5,2,9,477,5,19.3,76.7,6.1,27,28,1,18,7,12,2.5,2404,6.2
","Joshua Dobbs,11890,QB,MIN,13,72.1,390,417,8.0,3.03,6,12,2.7,62.8,262,1,185,6.8,485,19,143,18,49.8,65.9,59.9,82.2,6,10,524,5,16.2,79.5,6.2,30,35,0,15,13,23,4.4,2464,5.9
","Joshua Dobbs,11890,QB,MIN,13,72.1,390,417,8,3.03,6,12,2.7,62.8,262,1,185,6.8,485,19,143,18,49.8,65.9,59.9,82.2,6,10,524,5,16.2,79.5,6.2,30,35,0,15,13,23,4.4,2464,5.9
"
"Carson Wentz,10636,QB,PHI,12,70.1,401,437,9.4,2.88,6,20,4.3,57.4,251,0,190,10.7,509,30,138,24,40.4,65.0,60.0,82.6,6,15,544,2,26.3,72.8,9.8,50,21,1,23,16,24,4.4,2620,6.0
","Teddy Bridgewater,8667,QB,DEN,14,76.8,392,426,8.4,2.83,9,13,2.9,66.9,285,0,179,5.3,472,16,153,10,89.5,73.5,70.7,75.7,3,7,495,4,17.3,94.9,6.6,31,15,0,22,18,15,3,3052,7.2
","Andy Dalton,6187,QB,NO,14,76.8,349,378,8.4,2.59,7,16,4.1,66.7,252,0,118,6.0,415,16,136,20,67.2,82.1,81.0,64.4,5,9,431,3,21.2,95.2,6.0,25,11,0,17,18,10,2.3,2871,7.6
","Desmond Ridder,55086,QB,ATL,15,72.7,363,388,8.5,2.68,8,13,3.2,64.2,249,0,139,5.7,439,15,146,2,27.6,51.9,53.2,48.8,0,12,464,5,22.3,83.4,7.1,31,19,2,15,12,26,5.6,2836,7.3
","Desmond Ridder,55086,QB,ATL,15,72.7,363,388,8.5,2.68,8,13,3.2,64.2,249,0,139,5.7,439,15,146,2,27.6,51.9,53.2,48.8,0,12,464,5,22.3,83.4,7.1,31,19,2,15,12,26,5.6,2836,7.3
"
"Lamar Jackson,46416,QB,BLT,17,74.9,398,424,9.2,3.12,9,24,5.4,64.4,273,0,194,8.4,519,25,176,3,46.5,79.3,74.9,77.8,3,11,541,3,19.1,95.8,7.1,37,55,4,10,26,20,3.7,3098,7.3
","Baker Mayfield,46518,QB,CLV,14,72.2,385,418,9.2,2.84,12,20,4.5,60.5,253,0,148,9,486,25,151,8,61.4,63.6,62.4,60.1,2,13,516,3,29.1,83.1,8.8,43,25,2,17,17,20,3.9,3010,7.2
","Jacoby Brissett,10725,QB,CLV,12,74.6,339,369,9.5,2.9,5,18,4.5,64.0,236,1,137,6.7,416,17,140,8,59.6,82.6,75.2,91.5,4,6,448,4,17.5,88.9,5.8,24,23,3,18,12,14,3.1,2608,7.1
","Justin Fields,82118,QB,CHI,13,74.3,323,369,8.8,3.4,10,21,5.5,61.2,226,0,223,5.8,456,14,141,6,33.7,74.6,67.1,84.9,7,9,477,5,19.3,86.3,9.4,43,43,0,29,16,16,3.4,2562,6.9
","Justin Fields,82118,QB,CHI,13,74.3,323,369,8.8,3.4,10,21,5.5,61.2,226,0,223,5.8,456,14,141,6,33.7,74.6,67.1,84.9,7,9,477,5,19.3,86.3,9.4,43,43,0,29,16,16,3.4,2562,6.9
"
"Joe Burrow,28022,QB,CIN,10,73.5,381,404,8.9,2.6,3,15,3.6,65.3,264,0,146,5.7,453,16,155,7,28.7,75.1,74.3,58.0,6,5,472,2,21.9,89.8,7.1,32,16,3,11,13,15,3.2,2688,6.7
","Sam Darnold,29048,QB,CAR,12,73.4,365,406,7.6,2.86,6,15,3.5,59.9,243,0,177,9.3,463,25,132,5,33.2,54.7,53.9,63.6,7,13,486,6,19.2,71.9,7.3,34,23,0,28,9,21,4.3,2527,6.2
","Baker Mayfield,46518,QB,LA,12,69.2,305,335,7.1,2.86,12,8,2.2,60.0,201,0,117,4.7,389,10,98,26,54.5,50.6,52.2,44.0,2,8,411,2,30.8,79.0,9.3,36,15,1,15,10,12,2.9,2163,6.5
","Zach Wilson,82096,QB,NYJ,12,72.5,331,368,7.9,2.92,7,10,2.6,60.1,221,0,189,7.9,439,19,110,22,30.8,58.2,57.2,60.9,6,7,463,2,24.3,77.2,10.5,46,25,3,21,8,12,2.6,2271,6.2
","Zach Wilson,82096,QB,NYJ,12,72.5,331,368,7.9,2.92,7,10,2.6,60.1,221,0,189,7.9,439,19,110,22,30.8,58.2,57.2,60.9,6,7,463,2,24.3,77.2,10.5,46,25,3,21,8,12,2.6,2271,6.2
"
"Cam Newton,6153,QB,NE,15,78.1,334,368,7.3,2.84,13,11,2.8,65.8,242,0,130,7.3,420,19,141,19,76.0,70.9,67.8,66.2,6,10,444,1,23.8,82.9,7.4,31,20,2,13,8,10,2.3,2657,7.2
","Russell Wilson,7077,QB,SEA,14,72.7,374,400,10.2,2.78,5,26,6.1,64.8,259,0,170,4.8,460,13,146,29,70.8,73.9,70.7,76.1,2,6,486,2,20,103.1,7.4,34,24,0,19,25,12,2.5,3113,7.8
","Lamar Jackson,46416,QB,BLT,12,74.6,299,326,9.2,3.11,8,17,5.0,62.3,203,1,129,9.0,378,20,116,3,56.6,85.2,72.3,92.6,3,7,399,7,20.9,91.1,7.1,27,25,1,15,17,9,2.3,2242,6.9
","Joe Burrow,28022,QB,CIN,10,76.8,340,365,6.9,2.47,6,17,4.4,66.8,244,0,123,6.5,403,17,122,7,87.0,77.9,76.8,68.8,6,6,422,5,19.5,91.0,6.0,24,14,1,12,15,9,2.1,2309,6.3
","Joe Burrow,28022,QB,CIN,10,76.8,340,365,6.9,2.47,6,17,4.4,66.8,244,0,123,6.5,403,17,122,7,87,77.9,76.8,68.8,6,6,422,5,19.5,91,6,24,14,1,12,15,9,2.1,2309,6.3
"
"Sam Darnold,29048,QB,NYJ,12,72.5,324,364,8.1,2.84,5,9,2.3,59.6,217,0,179,7.7,425,18,117,22,77.9,58.4,52.7,87.7,9,11,449,1,19.6,72.7,8.2,35,26,3,23,9,17,3.8,2208,6.1
","Davis Mills,52269,QB,HST,13,74.6,366,394,7.8,2.57,9,16,3.8,66.8,263,0,133,3.7,435,10,120,13,48,58.5,59,48.4,5,10,469,3,23.3,88.8,7.1,31,10,2,12,16,20,4.3,2664,6.8
","Ryan Tannehill,7014,QB,TEN,12,75.9,303,325,8.2,2.67,7,11,3.2,65.2,212,0,135,7.8,374,18,124,31,76.1,74.9,71.9,77.2,6,6,397,3,24.4,94.6,8.8,33,13,1,8,13,10,2.5,2536,7.8
","Mac Jones,60323,QB,NE,11,72.3,328,345,7.4,2.42,5,11,3.1,64.9,224,0,119,5.5,379,13,104,19,53.8,52.2,52.2,61.3,4,12,395,4,18.5,77.0,5.8,22,12,0,8,10,23,5.8,2120,6.1
","Mac Jones,60323,QB,NE,11,72.3,328,345,7.4,2.42,5,11,3.1,64.9,224,0,119,5.5,379,13,104,19,53.8,52.2,52.2,61.3,4,12,395,4,18.5,77,5.8,22,12,0,8,10,23,5.8,2120,6.1
"
"Andy Dalton,6187,QB,DAL,11,76.2,311,333,7.5,2.48,5,11,3.1,64.9,216,0,111,8.9,376,21,121,9,75.1,69.9,69.8,55.7,5,8,393,2,21.6,87.3,6.4,24,15,0,12,14,11,2.8,2170,6.5
","Tua Tagovailoa,60326,QB,MIA,13,75.3,372,388,7.4,2.53,1,10,2.4,67.8,263,0,139,6.1,428,17,145,17,30,68.3,67.3,60.1,5,10,460,3,14.4,90.1,4.7,20,20,1,9,16,22,4.8,2653,6.8
","Justin Fields,82118,QB,CHI,15,71.7,286,318,9.5,3.45,11,13,3.8,60.4,192,3,203,6.3,444,13,128,6,28.8,70.2,54.4,91.5,5,11,474,7,27.1,85.2,12.4,55,70,0,16,17,21,4.4,2242,7.1
","Aidan O'Connell,60516,QB,LV,11,74.0,315,343,8.0,2.62,8,12,3.4,62.1,213,0,122,8.6,370,20,107,23,72.1,65.9,64.6,61.6,3,7,380,2,19.7,83.9,6.5,24,0,1,16,12,10,2.6,2218,6.5
","Aidan O'Connell,60516,QB,LV,11,74,315,343,8,2.62,8,12,3.4,62.1,213,0,122,8.6,370,20,107,23,72.1,65.9,64.6,61.6,3,7,380,2,19.7,83.9,6.5,24,0,1,16,12,10,2.6,2218,6.5
"
"Gardner Minshew,41401,QB,JAX,9,75.2,302,327,8.5,2.77,2,16,4.7,66.1,216,0,130,4.8,378,11,127,15,52.6,67.8,66.0,67.7,3,5,396,1,20.8,95.9,7.1,27,24,1,19,16,10,2.5,2259,6.9
","Zach Wilson,82096,QB,NYJ,13,69.9,349,383,8,3.05,9,10,2.5,55.6,213,0,171,12.7,444,31,118,22,69.3,59.3,54.8,86.8,3,11,469,1,26.3,69.7,10.1,45,16,1,21,9,18,3.8,2334,6.1
","Jimmy Garoppolo,8697,QB,SF,11,75.3,288,307,7.3,2.53,12,13,4.0,67.1,206,0,96,5.1,328,11,114,28,64.7,71.4,69.5,67.4,3,4,348,2,18.8,103.0,5.5,18,3,0,4,16,9,2.6,2436,7.9
","Kenny Pickett,60515,QB,PIT,12,71.8,298,324,7.5,2.73,8,13,3.8,62.0,201,0,136,6.1,363,13,96,25,91.3,70.6,68.8,66.7,3,4,386,2,16.9,81.4,6.3,23,14,1,14,6,7,1.8,2070,6.4
","Kenny Pickett,60515,QB,PIT,12,71.8,298,324,7.5,2.73,8,13,3.8,62,201,0,136,6.1,363,13,96,25,91.3,70.6,68.8,66.7,3,4,386,2,16.9,81.4,6.3,23,14,1,14,6,7,1.8,2070,6.4
"
"Mitch Trubisky,11757,QB,CHI,10,72.4,315,326,8.4,2.7,2,13,3.9,66.9,218,0,94,4.4,367,10,141,6,38.2,63.5,60.5,71.8,2,8,374,2,20.2,93.8,5.2,19,20,0,7,17,22,5.9,2254,6.9
","Lamar Jackson,46416,QB,BLT,12,74.3,350,382,10,3.06,10,19,4.7,64.4,246,0,174,5.4,470,14,154,3,48.6,70.2,65.9,75.8,8,13,495,5,21.8,87,8.1,38,50,4,10,16,18,3.6,2882,7.5
","Matthew Stafford,4924,QB,LA,9,74.7,288,303,7.0,2.59,3,15,4.8,68.0,206,0,107,4.2,338,9,108,26,47.6,67.0,67.6,52.1,0,8,347,4,27.1,87.4,8.6,29,5,0,12,10,12,3.5,2087,6.9
","Kirk Cousins,7102,QB,MIN,8,80.5,293,311,7.7,2.69,1,10,3.0,69.5,216,0,108,8.5,331,20,112,18,46.2,86.1,85.1,64.8,7,5,353,6,15.7,103.8,5.1,17,3,2,8,18,8,2.3,2331,7.5
","Kirk Cousins,7102,QB,MIN,8,80.5,293,311,7.7,2.69,1,10,3,69.5,216,0,108,8.5,331,20,112,18,46.2,86.1,85.1,64.8,7,5,353,6,15.7,103.8,5.1,17,3,2,8,18,8,2.3,2331,7.5
"
"Nick Mullens,12282,QB,SF,10,75.6,299,326,6.9,2.52,11,10,2.9,64.7,211,0,131,6.6,348,15,120,28,61.2,56.9,56.7,55.9,11,12,365,2,14.5,84.1,5.5,19,2,0,5,12,21,5.8,2437,7.5
","Daniel Jones,39395,QB,NYG,11,74.5,337,361,7.3,2.7,5,7,1.8,64.3,232,0,140,7.6,407,19,123,21,51.1,71.1,70.6,57.4,3,7,439,3,15.7,84.8,5.4,22,23,1,15,10,12,2.7,2428,6.7
","Marcus Mariota,9435,QB,ATL,13,67.3,284,300,10.5,2.99,3,8,2.5,61.3,184,0,121,3.7,354,7,116,2,46.6,66.3,62.7,70.0,1,9,373,1,23.1,88.2,7.9,28,26,4,8,15,15,4.0,2219,7.4
","Kyler Murray,38334,QB,ARZ,8,73.5,253,268,7.5,2.8,9,8,2.8,65.7,176,1,95,5.4,304,10,96,1,59.7,71.0,67.6,78.5,2,5,326,5,18.9,89.5,5.9,18,16,1,3,10,6,1.8,1800,6.7
","Kyler Murray,38334,QB,ARZ,8,73.5,253,268,7.5,2.8,9,8,2.8,65.7,176,1,95,5.4,304,10,96,1,59.7,71,67.6,78.5,2,5,326,5,18.9,89.5,5.9,18,16,1,3,10,6,1.8,1800,6.7
"
"Nick Foles,7089,QB,CHI,9,73.2,284,312,8.3,2.39,7,17,5.2,64.7,202,0,118,2.9,335,6,94,6,72.4,66.5,66.9,51.9,5,8,350,4,15.3,80.8,5.4,18,4,1,15,10,11,3.1,1852,5.9
","Justin Fields,82118,QB,CHI,12,66.9,257,270,10.1,3.06,2,18,6.1,58.9,159,0,151,7.6,353,13,101,6,27,64.2,60.8,72.3,2,10,378,4,23.8,73.2,10.2,36,45,2,7,7,14,3.7,1870,6.9
","Carson Wentz,10636,QB,WAS,8,73.4,256,276,7.9,2.58,7,13,4.4,62.3,172,0,105,8.5,314,16,88,32,70.5,60.6,58.9,62.6,3,9,337,5,24.8,80.2,8.3,26,12,0,10,11,14,4.2,1755,6.4
","Will Levis,83542,QB,TEN,9,69.1,236,255,11.1,2.76,6,16,5.9,58.4,149,0,130,8.6,292,14,85,31,68.9,63.7,61.6,67.4,6,4,310,1,21.5,84.2,9.6,28,9,2,5,8,14,4.5,1808,7.1
","Will Levis,83542,QB,TEN,9,69.1,236,255,11.1,2.76,6,16,5.9,58.4,149,0,130,8.6,292,14,85,31,68.9,63.7,61.6,67.4,6,4,310,1,21.5,84.2,9.6,28,9,2,5,8,14,4.5,1808,7.1
"
"Tua Tagovailoa,60326,QB,MIA,10,74.2,275,290,8.0,2.52,2,7,2.3,64.1,186,0,95,8.8,326,18,107,17,83.9,65.4,63.9,65.4,2,5,347,1,21.1,87.1,6.1,20,16,3,8,11,13,3.7,1814,6.3
","Andy Dalton,6187,QB,CHI,8,72.4,217,236,7.6,2.61,6,5,2,63.1,149,0,77,5.1,267,8,85,6,90.6,67.1,63.5,78.1,2,9,279,1,23.4,76.9,6.7,18,12,1,10,8,9,3.2,1515,6.4
","Taylor Heinicke,9896,QB,WAS,9,71.0,231,259,9.2,2.9,6,9,3.4,62.2,161,0,121,1.8,292,3,95,32,30.0,49.8,48.9,56.1,5,6,304,3,15.7,89.6,6.5,19,13,2,15,12,19,6.3,1859,7.2
","Joe Flacco,4332,QB,CLV,6,72.5,233,250,9.1,2.78,1,11,4.2,62.8,157,0,88,7.1,265,12,75,8,65.4,72.8,70.6,69.1,2,10,277,1,13.6,88.5,4.5,12,2,0,14,14,11,4.0,1923,7.7
","Joe Flacco,4332,QB,CLV,6,72.5,233,250,9.1,2.78,1,11,4.2,62.8,157,0,88,7.1,265,12,75,8,65.4,72.8,70.6,69.1,2,10,277,1,13.6,88.5,4.5,12,2,0,14,14,11,4,1923,7.7
"
"Ryan Fitzpatrick,2467,QB,MIA,9,78.2,252,267,8.2,2.37,8,12,4.2,68.5,183,0,98,7.1,299,14,115,17,90.9,75.1,70.7,80.0,3,8,316,3,14.3,95.6,4.7,14,18,1,3,13,14,4.4,2091,7.8
","Jacoby Brissett,10725,QB,MIA,9,75.4,207,225,7.9,2.83,0,9,3.7,62.7,141,0,116,9.6,259,15,75,17,50.4,76.3,74,69.3,8,4,277,2,16.4,78.1,7.3,19,13,1,9,5,10,3.6,1283,5.7
","Zach Wilson,82096,QB,NYJ,9,65.9,211,242,9.7,3.07,7,8,3.2,54.5,132,0,111,5.0,279,7,78,22,80.6,46.6,43.3,65.5,4,7,289,1,20.7,72.8,8.2,23,13,0,20,6,17,5.9,1688,7.0
","Jake Browning,46401,QB,CIN,9,79.3,227,244,6.6,2.84,7,9,3.5,70.1,171,0,102,5.0,284,9,100,7,54.6,79.3,74.4,87.8,3,7,298,8,23.5,98.0,8.5,24,16,0,7,12,11,3.7,1936,7.9
","Jake Browning,46401,QB,CIN,9,79.3,227,244,6.6,2.84,7,9,3.5,70.1,171,0,102,5,284,9,100,7,54.6,79.3,74.4,87.8,3,7,298,8,23.5,98,8.5,24,16,0,7,12,11,3.7,1936,7.9
"
"Alex Smith,2218,QB,WAS,8,78.5,228,252,5.4,2.48,5,10,3.8,66.7,168,0,94,6.1,277,11,74,32,79.7,66.0,66.9,51.6,2,8,289,4,23.4,78.5,7.9,22,3,0,17,6,7,2.4,1582,6.3
","Trevor Siemian,9683,QB,NO,6,69.5,167,188,8.2,2.73,6,11,5.4,57.4,108,0,57,6.9,200,8,62,20,70.6,64.4,63.6,62.2,1,3,218,1,15.8,88.4,4.5,9,3,0,14,11,6,2.8,1154,6.1
","Brock Purdy,77672,QB,SF,10,77.4,212,233,7.8,2.84,7,5,2.0,66.5,155,0,87,5.5,259,9,97,28,90.7,77.7,75.1,69.9,3,4,275,0,17.2,108.0,5.8,15,9,0,11,16,7,2.5,1943,8.3
","Ryan Tannehill,7014,QB,TEN,9,76.1,213,230,8.4,2.67,5,10,4.0,64.8,149,0,106,8.0,271,13,77,31,70.5,68.7,66.3,69.7,4,7,291,1,30.2,78.5,11.8,32,9,2,6,4,11,3.8,1616,7.0
","Ryan Tannehill,7014,QB,TEN,9,76.1,213,230,8.4,2.67,5,10,4,64.8,149,0,106,8,271,13,77,31,70.5,68.7,66.3,69.7,4,7,291,1,30.2,78.5,11.8,32,9,2,6,4,11,3.8,1616,7
"
"Dwayne Haskins,41897,QB,WAS,7,69.1,230,241,6.9,2.51,5,6,2.4,61.4,148,0,73,6.9,269,11,77,32,65.6,48.4,47.5,59.8,3,7,277,1,27.4,73.0,7.4,20,7,0,3,5,10,3.6,1439,6.0
","Tyler Huntley,46448,QB,BLT,6,75.7,173,188,8.1,2.83,6,3,1.5,64.9,122,0,74,6.9,231,9,68,3,49,68.3,62,82.3,2,4,245,4,24.3,76.6,7.8,18,25,3,4,3,8,3.3,1081,5.8
","Joe Flacco,4332,QB,NYJ,5,71.7,166,191,8.4,2.58,6,3,1.5,57.6,110,0,77,7.6,202,9,57,22,28.2,53.3,52.8,61.5,8,3,212,2,13.0,75.2,5.0,10,1,0,11,5,7,3.3,1051,5.5
","Bailey Zappe,60396,QB,NE,10,68.7,198,212,8.1,2.75,4,10,4.6,59.9,127,0,103,6.6,247,9,57,19,62.2,52.2,51.1,63.3,0,9,253,1,24.3,68.8,10.1,25,10,1,9,6,10,4.0,1272,6.0
","Bailey Zappe,60396,QB,NE,10,68.7,198,212,8.1,2.75,4,10,4.6,59.9,127,0,103,6.6,247,9,57,19,62.2,52.2,51.1,63.3,0,9,253,1,24.3,68.8,10.1,25,10,1,9,6,10,4,1272,6
"
"Dak Prescott,10769,QB,DAL,5,78.0,209,222,8.3,2.59,3,12,5.2,68.0,151,0,67,7.4,240,12,97,9,74.1,85.2,80.4,78.9,4,4,247,0,14.9,99.6,4.2,10,8,1,5,9,9,3.6,1856,8.4
","Mike Glennon,7854,QB,NYG,6,65.6,151,167,7.6,2.67,1,2,1.1,53.9,90,0,65,9.1,181,9,45,21,27.2,30,31.2,54.5,1,10,193,2,13.8,49.7,5,9,5,3,11,4,18,9.3,790,4.7
","Mitch Trubisky,11757,QB,PIT,7,71.3,171,180,10.0,2.71,3,11,5.8,65.0,117,0,57,4.1,195,5,66,25,90.2,76.6,74.0,73.7,2,5,207,1,19.3,81.1,5.6,11,4,1,3,4,8,3.9,1252,7.0
","Tyrod Taylor,6332,QB,NYG,10,76.7,163,180,9.1,2.83,1,17,8.9,64.4,116,0,87,7.2,224,9,57,21,44.1,71.4,73.4,54.5,0,3,242,0,19.5,89.1,7.6,17,26,6,10,5,3,1.2,1341,7.5
","Tyrod Taylor,6332,QB,NYG,10,76.7,163,180,9.1,2.83,1,17,8.9,64.4,116,0,87,7.2,224,9,57,21,44.1,71.4,73.4,54.5,0,3,242,0,19.5,89.1,7.6,17,26,6,10,5,3,1.2,1341,7.5
"
"Mike Glennon,7854,QB,JAX,5,72.3,166,179,8.8,2.42,4,11,6.0,62.0,111,0,48,7.5,192,9,57,15,71.6,67.5,69.4,36.3,2,5,198,2,18.8,80.1,4.7,9,4,2,5,7,10,5.1,1072,6.0
","Jameis Winston,9434,QB,NO,7,72.5,142,161,9.5,3.09,5,12,7.1,59,95,0,80,7.8,191,8,67,20,56.9,74,66.2,90,5,3,199,4,13.8,102.8,5.8,11,17,0,9,14,6,3,1170,7.3
","Mike White,46453,QB,NYJ,4,69.6,158,175,8.0,2.61,5,8,4.5,58.9,103,0,51,6.4,186,7,56,22,71.6,61.3,59.6,69.2,5,4,189,0,17.6,75.7,4.8,9,1,0,7,3,7,3.7,1192,6.8
","Tommy DeVito,60545,QB,NYG,9,78.3,161,178,6.6,3.09,4,4,2.2,64.0,114,0,99,9.5,237,12,48,21,77.3,62.0,64.4,50.9,1,3,243,3,37.4,89.2,15.6,37,22,0,12,8,5,2.1,1101,6.2
","Tommy DeVito,60545,QB,NYG,9,78.3,161,178,6.6,3.09,4,4,2.2,64,114,0,99,9.5,237,12,48,21,77.3,62,64.4,50.9,1,3,243,3,37.4,89.2,15.6,37,22,0,12,8,5,2.1,1101,6.2
"
"Jalen Hurts,40291,QB,PHI,10,65.1,126,148,10.1,3.37,3,7,4.4,52.0,77,0,70,6.1,185,5,56,24,23.3,56.2,57.5,55.4,5,4,197,4,17.1,77.6,6.5,12,25,1,13,6,9,4.6,1061,7.2
","Tyrod Taylor,6332,QB,HST,6,69.6,138,150,7.6,2.82,4,4,2.5,60.7,91,0,77,5.2,178,5,51,13,70.7,59.2,55.2,73.1,2,5,188,0,16.9,76.7,7.3,13,15,1,5,5,5,2.7,966,6.4
","Deshaun Watson,11767,QB,CLV,6,73.0,148,170,7.9,3.31,4,2,1.1,58.2,99,0,73,8.3,204,9,58,8,60.9,54.7,51.0,69.6,3,5,218,1,27.4,79.1,9.8,20,12,2,13,7,9,4.1,1102,6.5
","Easton Stick,29466,QB,LAC,5,70.9,165,174,7.5,2.76,2,5,2.7,63.8,111,0,62,5.1,198,6,58,27,29.2,66.8,61.8,79.9,2,1,208,1,22.6,85.7,7.1,14,9,1,4,3,7,3.4,1132,6.5
","Easton Stick,29466,QB,LAC,5,70.9,165,174,7.5,2.76,2,5,2.7,63.8,111,0,62,5.1,198,6,58,27,29.2,66.8,61.8,79.9,2,1,208,1,22.6,85.7,7.1,14,9,1,4,3,7,3.4,1132,6.5
"
"Brandon Allen,10835,QB,CIN,5,71.9,135,142,7.1,2.51,2,6,3.9,63.4,90,0,36,7.2,155,7,42,7,69.1,56.5,55.7,58.8,2,4,167,1,19.4,82.0,4.5,7,6,0,3,5,9,5.4,925,6.5
","Taysom Hill,12112,QB,NO,11,73.2,123,134,8.1,2.94,1,2,1.5,58.2,78,0,62,13.3,160,12,49,20,72.5,75,59.6,91.9,1,5,162,3,14.5,75.4,5.6,9,16,2,7,4,8,4.9,978,7.3
","Cooper Rush,12324,QB,DAL,8,69.4,144,162,8.9,2.43,7,3,1.8,58.0,94,0,55,6.0,172,6,52,9,71.3,56.5,55.9,54.8,3,3,182,1,12.7,80.0,4.1,7,2,1,7,5,8,4.4,1051,6.5
","Deshaun Watson,11767,QB,CLV,6,73.1,156,170,9.0,3.12,2,6,3.3,61.8,105,0,76,7.9,204,9,58,8,38.5,67.3,66.8,63.4,3,4,218,3,21.1,84.8,7.8,16,18,1,8,7,5,2.3,1115,6.6
","Deshaun Watson,11767,QB,CLV,6,73.1,156,170,9,3.12,2,6,3.3,61.8,105,0,76,7.9,204,9,58,8,38.5,67.3,66.8,63.4,3,4,218,3,21.1,84.8,7.8,16,18,1,8,7,5,2.3,1115,6.6
"
"Jimmy Garoppolo,8697,QB,SF,6,74.6,138,140,6.5,2.52,1,4,2.8,67.1,94,0,38,8.7,155,9,56,28,88.6,67.5,65.4,66.3,0,5,159,0,28.9,92.4,7.1,11,4,0,1,7,4,2.5,1096,7.8
","Mike White,46453,QB,NYJ,4,76.4,123,132,6.4,2.52,5,3,2.1,66.7,88,0,45,6.4,137,6,49,22,88.1,53.6,51.4,71.1,3,8,147,1,8.9,75.1,2.9,4,0,0,1,5,9,6.1,953,7.2
","Skylar Thompson,60417,QB,MIA,8,64.4,135,150,9.0,3.04,1,4,2.5,52.0,78,0,83,10.3,167,9,39,17,52.4,55.4,59.1,45.4,4,5,180,3,12.0,56.9,6.0,10,7,0,10,2,6,3.3,754,5.0
","Jimmy Garoppolo,8697,QB,LV,7,74.2,159,169,8.8,2.84,5,2,1.1,65.1,110,0,58,6.8,191,8,63,23,74.1,65.0,65.0,58.8,1,9,203,1,24.1,77.7,7.3,14,8,1,3,7,6,3.0,1205,7.1
","Jimmy Garoppolo,8697,QB,LV,7,74.2,159,169,8.8,2.84,5,2,1.1,65.1,110,0,58,6.8,191,8,63,23,74.1,65,65,58.8,1,9,203,1,24.1,77.7,7.3,14,8,1,3,7,6,3,1205,7.1
"
"Joe Flacco,4332,QB,NYJ,5,67.2,119,134,11.3,2.83,2,9,6.2,55.2,74,1,65,7.5,146,6,39,22,66.6,55.8,55.9,57.8,1,3,160,3,10.8,80.6,4.8,7,5,0,12,6,8,5.0,864,6.4
","Cam Newton,6153,QB,CAR,6,63.7,113,126,7.5,2.44,7,4,3,54.8,69,0,57,4.2,141,3,34,5,72,53.3,46.5,73.8,4,5,147,2,17.5,64.4,7.1,10,5,0,2,4,7,4.8,684,5.4
","Tyler Huntley,46448,QB,BLT,6,71.0,131,141,7.4,2.98,2,3,2.0,65.2,92,0,58,1.1,168,1,45,3,56.9,55.3,57.3,51.0,1,4,177,1,15.5,80.2,5.4,9,18,2,5,4,6,3.4,884,6.3
","Daniel Jones,39395,QB,NYG,6,75.2,149,160,6.9,2.85,3,4,2.4,67.5,108,0,95,3.6,209,4,51,21,45.3,63.0,54.4,82.2,2,6,220,0,31.6,70.5,14.4,30,19,0,6,2,9,4.1,909,5.7
","Daniel Jones,39395,QB,NYG,6,75.2,149,160,6.9,2.85,3,4,2.4,67.5,108,0,95,3.6,209,4,51,21,45.3,63,54.4,82.2,2,6,220,0,31.6,70.5,14.4,30,19,0,6,2,9,4.1,909,5.7
"
"Taysom Hill,12112,QB,NO,13,82.6,115,121,7.3,3.0,1,3,2.3,72.7,88,0,58,7.4,155,7,52,20,20.0,67.7,69.1,73.9,1,2,163,4,25.9,98.8,9.7,15,18,0,4,4,7,4.3,928,7.7
","Drew Lock,39517,QB,DEN,6,68.6,105,111,10.4,2.82,2,5,4.1,60.4,67,0,41,6.9,127,5,36,10,40.5,60,59.9,54.7,0,2,138,0,22,80.4,7.1,9,7,1,3,2,4,2.9,787,7.1
","Sam Darnold,29048,QB,CAR,6,72.2,115,140,9.2,3.16,2,10,6.7,58.6,82,0,61,1.2,162,1,61,5,27.3,63.0,66.3,45.3,1,3,173,3,16.4,92.6,6.2,10,9,3,19,7,5,2.9,1143,8.2
","Trevor Siemian,9683,QB,NYJ,5,63.8,138,153,6.2,2.48,4,4,2.5,56.2,86,0,57,2.3,167,2,37,22,31.5,34.9,37.4,49.4,2,4,177,4,14.0,62.1,4.8,8,6,0,9,2,7,4.0,725,4.7
","Trevor Siemian,9683,QB,NYJ,5,63.8,138,153,6.2,2.48,4,4,2.5,56.2,86,0,57,2.3,167,2,37,22,31.5,34.9,37.4,49.4,2,4,177,4,14,62.1,4.8,8,6,0,9,2,7,4,725,4.7
"
"Jake Luton,17287,QB,JAX,3,69.4,98,110,8.4,2.6,4,4,3.5,54.5,60,0,42,11.8,118,8,32,15,59.9,39.8,37.7,70.8,2,6,123,0,16.7,54.5,5.9,7,1,0,6,2,9,7.3,624,5.7
","Colt McCoy,5609,QB,ARZ,4,84.2,95,99,5.3,2.31,2,1,1,74.7,74,0,30,7.5,109,6,40,1,27.5,55.8,56.8,52.5,0,1,115,0,20,101.4,5.5,6,3,0,2,3,6,5.2,740,7.5
","Colt McCoy,5609,QB,ARZ,4,75.8,128,132,6.4,2.5,1,5,3.5,68.2,90,0,48,7.2,154,7,37,1,48.1,62.1,66.9,33.2,0,3,163,1,27.1,76.6,8.4,13,8,0,3,1,2,1.2,780,5.9
","Nick Mullens,12282,QB,MIN,5,74.5,137,148,10.5,2.92,2,8,5.2,67.6,100,0,67,2.0,165,2,59,18,49.7,52.8,54.8,59.9,4,8,172,5,17.9,88.4,7.3,12,5,1,4,7,12,7.0,1306,8.8
","Nick Mullens,12282,QB,MIN,5,74.5,137,148,10.5,2.92,2,8,5.2,67.6,100,0,67,2,165,2,59,18,49.7,52.8,54.8,59.9,4,8,172,5,17.9,88.4,7.3,12,5,1,4,7,12,7,1306,8.8
"
"C.J. Beathard,11859,QB,SF,6,78.1,96,104,8.4,2.47,1,4,3.6,63.5,66,0,41,12.0,114,9,42,28,61.8,67.7,64.9,68.5,2,0,123,0,22.0,105.7,7.9,9,1,1,4,6,4,3.3,787,7.6
","Geno Smith,7820,QB,SEA,4,80.5,82,95,7.5,2.9,3,7,6.9,68.4,65,0,44,1.5,112,1,32,29,60.5,73.9,71.4,78.4,2,1,118,2,29.5,103,11.6,13,4,1,7,5,3,2.5,702,7.4
","Desmond Ridder,55086,QB,ATL,4,68.5,108,115,8.4,3.0,1,3,2.5,63.5,73,0,43,1.4,136,1,40,2,43.5,55.9,60.1,36.2,2,0,144,2,20.9,86.4,6.6,9,11,0,4,2,2,1.4,708,6.2
","Tyson Bagent,169628,QB,CHI,5,76.3,131,143,6.5,2.91,3,2,1.3,65.7,94,0,53,6.0,159,6,55,6,50.5,57.7,50.8,81.2,3,6,166,0,9.4,71.4,3.1,5,11,0,6,3,11,6.6,859,6.0
","Tyson Bagent,169628,QB,CHI,5,76.3,131,143,6.5,2.91,3,2,1.3,65.7,94,0,53,6,159,6,55,6,50.5,57.7,50.8,81.2,3,6,166,0,9.4,71.4,3.1,5,11,0,6,3,11,6.6,859,6
"
"Kyle Allen,26152,QB,WAS,4,81.8,77,87,6.4,2.81,2,3,3.2,69.0,60,0,31,4.8,98,3,33,32,57.4,68.5,66.7,70.2,1,1,107,2,22.6,99.3,7.1,7,4,0,7,4,3,2.8,610,7.0
","Tim Boyle,21956,QB,DET,3,70.5,88,94,6,2.42,2,1,1,64.9,61,0,20,1.6,95,1,29,11,54.8,54,52.2,66.4,3,6,100,1,0,63.5,0,0,1,0,1,3,7,7,526,5.6
","Jameis Winston,9434,QB,NO,3,71.7,106,115,12.0,2.64,2,7,5.7,63.5,73,0,42,3.9,129,3,35,20,39.6,65.3,66.9,37.5,1,5,137,1,26.2,79.5,8.5,11,3,2,4,4,7,5.1,858,7.5
","Taylor Heinicke,9896,QB,ATL,5,64.5,121,136,8.6,2.99,2,4,2.9,54.4,74,0,44,5.1,157,4,46,2,67.2,52.5,48.5,70.7,2,4,161,0,18.2,74.7,5.1,8,13,2,9,5,9,5.6,890,6.5
","Taylor Heinicke,9896,QB,ATL,5,64.5,121,136,8.6,2.99,2,4,2.9,54.4,74,0,44,5.1,157,4,46,2,67.2,52.5,48.5,70.7,2,4,161,0,18.2,74.7,5.1,8,13,2,9,5,9,5.6,890,6.5
"
"Colt McCoy,5609,QB,NYG,4,62.1,66,66,9.3,2.61,0,1,1.5,60.6,40,0,24,2.4,75,1,19,21,83.7,60.6,62.8,45.6,0,1,78,0,20.8,75.0,6.7,5,4,0,0,1,2,2.6,375,5.7
","Josh Johnson,4474,QB,BLT,4,73.2,82,85,7.9,2.64,0,3,3.4,67.1,57,0,31,5,93,3,40,3,55.1,73.3,76.5,43.8,0,2,98,0,9.7,99,3.2,3,5,0,3,5,1,1,638,7.5
","P.J. Walker,12134,QB,CAR,6,66.0,103,106,8.4,2.27,2,9,8.2,59.4,63,0,22,7.4,119,5,31,5,86.8,64.4,60.3,76.6,0,3,124,1,27.3,78.0,5.0,6,3,0,1,3,6,4.8,731,6.9
","Mason Rudolph,46569,QB,PIT,5,77.2,101,113,7.5,2.55,3,5,4.3,68.1,77,0,50,1.3,125,1,43,25,40.2,64.8,64.8,58.2,2,1,130,1,14.0,104.9,5.6,7,4,1,6,5,4,3.1,948,8.4
","Mason Rudolph,46569,QB,PIT,5,77.2,101,113,7.5,2.55,3,5,4.3,68.1,77,0,50,1.3,125,1,43,25,40.2,64.8,64.8,58.2,2,1,130,1,14,104.9,5.6,7,4,1,6,5,4,3.1,948,8.4
"
"Jeff Driskel,10841,QB,DEN,2,70.0,60,64,10.8,2.63,2,2,2.9,54.7,35,0,37,16.7,78,7,19,10,84.1,55.1,51.3,74.9,0,2,85,0,29.7,78.4,14.1,11,3,0,2,3,3,3.5,432,6.8
","Case Keenum,7323,QB,CLV,4,76.1,67,72,6.2,2.71,0,0,0,65.3,47,0,24,7.8,81,4,27,8,52,57.4,55.1,71.4,1,1,81,2,20.8,91.3,6.2,5,4,0,4,3,2,2.5,462,6.4
","Sam Ehlinger,60555,QB,IND,4,71.1,97,101,7.8,3.02,2,3,2.9,63.4,64,0,48,7.2,125,5,31,14,63.5,57.2,56.6,58.0,0,3,132,0,29.2,76.1,11.2,14,10,0,2,3,4,3.0,573,5.7
","Dorian Thompson-Robinson,83574,QB,CLV,6,68.0,100,112,6.1,2.67,3,0,0.0,53.6,60,0,39,11.8,123,8,27,8,36.0,49.3,49.4,58.4,2,4,132,1,15.4,51.2,4.9,6,5,2,5,1,6,4.5,440,3.9
","Dorian Thompson-Robinson,83574,QB,CLV,6,68,100,112,6.1,2.67,3,0,0,53.6,60,0,39,11.8,123,8,27,8,36,49.3,49.4,58.4,2,4,132,1,15.4,51.2,4.9,6,5,2,5,1,6,4.5,440,3.9
"
"Taylor Heinicke,9896,QB,WAS,2,74.6,59,63,11.3,3.1,1,7,10.6,60.3,38,0,21,13.6,75,6,27,32,83.3,92.3,89.8,84.8,0,1,79,0,14.3,85.6,4.0,3,9,0,3,2,1,1.3,443,7.0
","Trey Lance,91399,QB,SF,5,71.4,63,71,10.3,3.37,4,3,3.9,57.7,41,0,27,8.9,86,4,31,28,87.3,59.9,61.1,56.7,2,2,93,0,11.1,97.3,3.5,3,12,0,2,5,4,4.3,603,8.5
","Bailey Zappe,60396,QB,NE,4,80.0,85,92,7.4,2.77,3,1,1.0,70.7,65,0,26,4.4,99,3,37,19,26.1,67.1,74.0,29.9,0,3,109,3,23.1,100.9,6.1,6,1,0,4,5,2,1.8,781,8.5
","P.J. Walker,12134,QB,CLV,5,59.4,101,111,8.7,2.79,2,4,3.4,48.6,54,0,52,10.0,126,6,28,8,26.9,29.7,28.8,63.3,2,5,135,1,21.2,52.2,8.7,11,4,1,5,1,11,8.1,674,6.1
","P.J. Walker,12134,QB,CLV,5,59.4,101,111,8.7,2.79,2,4,3.4,48.6,54,0,52,10,126,6,28,8,26.9,29.7,28.8,63.3,2,5,135,1,21.2,52.2,8.7,11,4,1,5,1,11,8.1,674,6.1
"
"P.J. Walker,12134,QB,CAR,4,67.9,53,56,10.4,2.51,2,4,7.1,57.1,32,0,18,11.1,60,4,17,5,82.2,56.8,57.0,62.6,0,5,61,1,22.2,45.8,6.7,4,0,0,1,1,2,3.3,368,6.6
","P.J. Walker,12134,QB,CAR,5,58.7,63,66,9.5,2.58,2,0,0,54.5,36,0,26,2.7,75,1,20,5,49,52,52.6,59.1,0,3,79,1,26.9,56.5,9.3,7,2,1,0,1,3,3.8,362,5.5
","Brett Rypien,46487,QB,DEN,4,66.7,84,88,9.1,2.62,1,2,2.2,60.2,53,0,32,5.4,97,3,24,10,29.3,46.4,46.9,52.0,1,4,99,0,25.0,63.8,8.2,8,1,0,2,2,5,5.1,483,5.5
","Mitch Trubisky,11757,QB,PIT,5,68.6,102,107,9.1,2.78,0,1,0.9,62.6,67,0,49,4.3,122,3,38,25,64.6,43.3,44.2,51.0,3,5,132,0,14.3,71.9,5.7,7,8,1,1,4,7,5.3,632,5.9
","Mitch Trubisky,11757,QB,PIT,5,68.6,102,107,9.1,2.78,0,1,0.9,62.6,67,0,49,4.3,122,3,38,25,64.6,43.3,44.2,51,3,5,132,0,14.3,71.9,5.7,7,8,1,1,4,7,5.3,632,5.9
"
"Chad Henne,4371,QB,KC,4,79.5,44,46,5.2,2.22,1,0,0.0,73.9,34,0,8,2.9,50,1,19,16,81.7,60.7,59.4,62.0,0,1,53,0,37.5,97.6,6.0,3,1,0,1,2,1,1.9,314,6.8
","Jordan Love,40306,QB,GB,4,61.7,60,62,7.6,2.57,0,1,1.5,58.1,36,1,25,2.7,70,1,23,12,27.2,36.2,31.3,70.5,0,3,73,1,12,68.7,4.3,3,5,0,2,2,6,8.2,411,6.6
","Trace McSorley,32819,QB,ARZ,5,66.2,74,83,8.3,2.54,1,3,3.4,54.2,45,0,25,8.2,91,4,19,1,57.5,36.4,37.1,50.3,1,5,96,1,12.0,42.8,3.3,3,5,1,6,0,8,8.3,412,5.0
","Anthony Richardson,124393,QB,IND,4,71.1,76,84,8.0,2.86,3,3,3.3,59.5,50,0,31,7.4,98,4,33,14,23.6,52.2,56.5,45.3,2,1,107,1,22.6,87.3,7.1,7,7,0,3,3,4,3.7,577,6.9
","Anthony Richardson,124393,QB,IND,4,71.1,76,84,8,2.86,3,3,3.3,59.5,50,0,31,7.4,98,4,33,14,23.6,52.2,56.5,45.3,2,1,107,1,22.6,87.3,7.1,7,7,0,3,3,4,3.7,577,6.9
"
"Jarrett Stidham,13725,QB,NE,5,68.6,35,44,6.9,2.91,2,0,0.0,50.0,22,0,21,8.3,50,2,13,19,81.6,42.6,44.9,49.4,1,3,53,0,19.0,54.7,8.0,4,2,0,6,2,2,3.8,256,5.8
","Jake Fromm,60389,QB,NYG,3,55.8,52,60,7.4,2.58,4,0,0,45,27,0,28,6.9,72,2,14,21,45.4,38.5,36.7,61.4,1,3,73,0,21.4,38.9,8.3,6,6,0,3,1,4,5.5,210,3.5
","Jarrett Stidham,13725,QB,LV,3,73.7,76,83,10.3,3.05,1,2,2.2,63.9,53,0,47,5.4,101,3,37,23,25.3,62.2,62.8,58.9,2,3,107,2,14.9,89.2,6.9,7,11,0,4,4,4,3.7,656,7.9
","Tim Boyle,21956,QB,NYJ,3,72.2,72,77,6.2,2.48,1,2,2.5,62.3,48,0,32,7.7,86,4,16,22,84.4,64.1,61.2,73.5,0,4,89,0,28.1,56.2,10.5,9,0,0,4,1,3,3.4,360,4.7
","Tim Boyle,21956,QB,NYJ,3,72.2,72,77,6.2,2.48,1,2,2.5,62.3,48,0,32,7.7,86,4,16,22,84.4,64.1,61.2,73.5,0,4,89,0,28.1,56.2,10.5,9,0,0,4,1,3,3.4,360,4.7
"
"John Wolford,46454,QB,LA,2,73.7,38,44,9.9,2.91,2,4,8.7,56.8,25,0,24,10.7,49,3,16,26,81.5,73.2,67.6,76.9,3,1,51,0,12.5,64.6,6.1,3,2,0,1,0,1,2.0,260,5.9
","Gardner Minshew,41401,QB,PHI,3,85.2,54,60,6,3.02,1,2,3.2,68.3,41,0,29,10.9,70,5,24,24,48.4,61.7,59.9,62.2,1,1,75,0,17.2,104.8,7.1,5,4,0,4,4,2,2.7,439,7.3
","Teddy Bridgewater,8667,QB,MIA,5,70.8,72,79,9.8,3.06,1,0,0.0,62.0,49,0,42,3.9,90,2,34,17,84.3,71.2,72.0,68.8,3,4,92,4,16.7,85.6,7.8,7,3,0,3,4,5,5.4,683,8.6
","Drew Lock,39517,QB,SEA,4,75.0,72,76,8.5,2.56,3,2,2.5,63.2,48,0,31,11.1,85,6,20,29,52.5,61.3,62.2,56.4,0,3,91,3,19.4,81.2,7.1,6,3,0,1,3,5,5.5,543,7.1
","Drew Lock,39517,QB,SEA,4,75,72,76,8.5,2.56,3,2,2.5,63.2,48,0,31,11.1,85,6,20,29,52.5,61.3,62.2,56.4,0,3,91,3,19.4,81.2,7.1,6,3,0,1,3,5,5.5,543,7.1
"
"Ben DiNucci,34311,QB,DAL,2,65.0,40,43,8.5,2.76,1,1,2.3,53.5,23,0,22,11.5,51,3,11,9,16.9,25.6,25.5,52.5,0,0,52,0,31.8,67.9,13.7,7,1,1,1,0,6,11.5,219,5.1
","Mason Rudolph,46569,QB,PIT,2,71.7,53,58,6.4,2.42,2,2,3.2,60.3,35,0,12,7.9,61,3,19,25,82.3,74.2,68.8,81.7,1,1,65,0,0,70.8,0,0,3,1,1,1,2,3.1,277,4.8
","Kyle Allen,26152,QB,HST,2,67.1,73,77,7.3,2.6,2,1,1.2,58.4,45,0,26,8.2,84,4,19,13,23.7,27.0,29.1,29.3,0,4,89,0,19.2,60.3,6.0,5,2,0,2,2,7,7.9,416,5.4
","Jarrett Stidham,13725,QB,DEN,2,70.5,61,66,7.7,2.76,0,0,0.0,60.6,40,0,28,7.0,77,3,19,10,51.9,55.5,58.5,45.0,1,1,81,1,25.0,87.7,9.1,7,3,0,4,2,1,1.2,496,7.5
","Jarrett Stidham,13725,QB,DEN,2,70.5,61,66,7.7,2.76,0,0,0,60.6,40,0,28,7,77,3,19,10,51.9,55.5,58.5,45,1,1,81,1,25,87.7,9.1,7,3,0,4,2,1,1.2,496,7.5
"
"Mason Rudolph,46569,QB,PIT,3,65.9,41,43,10.8,2.49,0,3,6.5,58.1,25,0,14,7.4,45,2,13,25,81.2,75.4,75.6,55.7,1,1,48,0,7.1,87.7,2.2,1,1,0,1,2,1,2.1,324,7.5
","Cooper Rush,12324,QB,DAL,4,71.1,45,47,8.8,2.41,1,2,3.8,63.8,30,0,10,6.3,51,2,18,9,43.2,56.7,57,56.5,0,1,57,0,30,105.1,5.9,3,1,0,1,3,4,7,422,9
","Gardner Minshew,41401,QB,PHI,4,63.8,69,76,10.3,2.73,1,0,0.0,57.9,44,0,35,0.0,84,0,30,24,52.7,55.8,56.5,51.6,0,3,87,0,17.1,83.4,7.1,6,2,1,5,3,5,5.7,664,8.7
","Andy Dalton,6187,QB,CAR,1,71.7,53,58,7.7,2.33,1,4,6.5,58.6,34,0,27,10.5,63,4,18,5,82.5,81.1,79.1,64.2,3,0,67,0,11.1,88.4,4.8,3,1,0,1,2,1,1.5,361,6.2
","Andy Dalton,6187,QB,CAR,1,71.7,53,58,7.7,2.33,1,4,6.5,58.6,34,0,27,10.5,63,4,18,5,82.5,81.1,79.1,64.2,3,0,67,0,11.1,88.4,4.8,3,1,0,1,2,1,1.5,361,6.2
"
"Chase Daniel,5214,QB,DET,4,82.5,40,43,6.5,2.31,1,2,4.5,67.4,29,0,14,12.1,48,4,15,11,80.4,54.0,51.2,70.7,0,2,50,0,21.4,72.2,6.3,3,2,1,1,1,3,6.0,264,6.1
","Joe Flacco,4332,QB,NYJ,2,73,37,42,8.3,2.3,1,1,2.4,64.3,27,0,19,0,46,0,14,22,29.7,62.1,62.5,62.7,1,0,46,1,10.5,113,4.3,2,1,0,3,3,1,2.2,338,8
","Joshua Dobbs,11890,QB,TEN,2,72.4,58,68,7.8,3.01,2,2,2.9,58.8,40,0,37,4.8,77,2,26,31,27.1,62.3,57.7,73.5,3,2,78,0,16.2,73.8,7.8,6,3,0,5,2,4,5.1,410,6.0
","Case Keenum,7323,QB,HST,2,68.6,51,53,7.9,2.73,0,0,0.0,64.2,34,0,19,2.9,59,1,14,13,82.5,44.8,45.6,54.0,0,3,68,1,31.6,61.1,10.2,6,0,0,2,1,4,5.9,291,5.5
","Case Keenum,7323,QB,HST,2,68.6,51,53,7.9,2.73,0,0,0,64.2,34,0,19,2.9,59,1,14,13,82.5,44.8,45.6,54,0,3,68,1,31.6,61.1,10.2,6,0,0,2,1,4,5.9,291,5.5
"
"Brett Rypien,46487,QB,DEN,2,80.0,35,40,9.5,2.51,1,4,8.5,67.5,27,0,18,3.6,41,1,12,10,81.0,40.5,41.5,61.3,0,4,49,1,5.6,66.1,2.4,1,0,0,4,2,5,10.2,295,7.4
","Sean Mannion,9522,QB,MIN,1,72.7,33,36,7,2.68,1,1,2.6,61.1,22,0,13,8.3,39,2,9,18,79.4,68.9,64.4,74.4,0,0,41,0,15.4,84.1,5.1,2,1,0,2,1,0,0,189,5.3
","John Wolford,46454,QB,LA,2,64.4,59,62,8.5,3.04,2,2,3.1,61.3,38,0,33,0.0,74,0,20,26,46.7,40.0,40.0,55.4,0,3,76,0,21.2,64.6,9.5,7,5,0,1,1,4,5.3,390,6.3
","C.J. Beathard,11859,QB,JAX,5,85.7,49,53,6.2,2.56,1,1,1.8,75.5,40,0,20,4.8,63,2,21,15,45.5,71.5,74.6,46.9,0,0,68,0,30.0,98.7,9.5,6,4,0,3,1,2,2.9,349,6.6
","C.J. Beathard,11859,QB,JAX,5,85.7,49,53,6.2,2.56,1,1,1.8,75.5,40,0,20,4.8,63,2,21,15,45.5,71.5,74.6,46.9,0,0,68,0,30,98.7,9.5,6,4,0,3,1,2,2.9,349,6.6
"
"Garrett Gilbert,8848,QB,DAL,1,68.8,32,38,11.0,2.64,3,2,5.1,55.3,21,0,18,4.5,42,1,12,9,79.7,66.4,62.5,73.0,1,1,43,0,11.1,72.6,4.8,2,2,1,1,1,2,4.7,243,6.4
","Nick Foles,7089,QB,CHI,1,80.6,31,35,6.1,2.69,0,0,0,68.6,24,0,14,4,40,1,14,6,29.6,60.2,59.4,60.1,3,0,43,0,28.6,98.5,10,4,1,0,1,1,2,4.7,250,7.1
","Malik Willis,60341,QB,TEN,6,67.3,52,61,8.2,3.52,1,3,4.6,50.8,31,1,38,11.4,79,4,14,31,25.3,51.9,39.8,75.6,1,3,84,1,26.3,42.8,12.7,10,8,0,7,0,3,3.6,276,4.5
","Jameis Winston,9434,QB,NO,4,60.0,45,47,12.7,2.41,0,3,6.0,53.2,25,0,15,7.4,49,2,10,20,81.5,56.3,55.8,61.3,0,3,52,1,13.3,57.4,4.1,2,0,0,2,2,3,5.8,264,5.6
","Jameis Winston,9434,QB,NO,4,60,45,47,12.7,2.41,0,3,6,53.2,25,0,15,7.4,49,2,10,20,81.5,56.3,55.8,61.3,0,3,52,1,13.3,57.4,4.1,2,0,0,2,2,3,5.8,264,5.6
"
"Ryan Finley,46426,QB,CIN,4,56.3,32,32,10.5,2.87,0,2,6.3,53.1,17,0,25,5.6,43,1,9,7,81.1,62.0,60.3,62.3,0,2,43,0,36.0,52.1,20.9,9,2,0,0,1,0,0.0,164,5.1
","Brandon Allen,10835,QB,CIN,5,51.5,33,34,4.5,2.3,0,0,0,50,17,0,10,0,38,0,5,7,31.9,42.3,41.7,63.2,0,0,42,1,40,81.6,10.5,4,0,1,0,2,1,2.4,149,4.4
","David Blough,46508,QB,ARZ,2,71.4,56,58,8.1,2.68,0,0,0.0,65.5,38,0,22,5.0,65,2,18,1,45.4,50.3,51.9,49.1,0,2,70,0,22.7,82.7,7.7,5,2,0,2,2,3,4.3,402,6.9
","Sam Darnold,29048,QB,SF,6,69.8,43,46,8.7,2.73,0,1,2.0,60.9,28,0,25,6.7,55,2,16,28,22.9,66.0,66.5,57.8,1,1,59,1,24.0,85.1,10.9,6,3,1,1,2,2,3.4,297,6.5
","Sam Darnold,29048,QB,SF,6,69.8,43,46,8.7,2.73,0,1,2,60.9,28,0,25,6.7,55,2,16,28,22.9,66,66.5,57.8,1,1,59,1,24,85.1,10.9,6,3,1,1,2,2,3.4,297,6.5
"
"Tyrod Taylor,6332,QB,LAC,2,66.7,27,30,10.8,2.66,0,1,3.0,53.3,16,0,11,11.1,34,2,11,27,79.8,59.4,63.1,47.8,1,0,38,0,9.1,75.4,2.9,1,2,0,2,0,0,0.0,208,6.9
","Garrett Gilbert,8848,QB,WAS,1,69,29,31,6.8,2.81,0,0,0,64.5,20,0,15,0,33,0,8,32,27.2,59.7,57.5,,1,0,34,0,13.3,81.9,6.1,2,0,0,1,0,1,2.9,194,6.3
","Anthony Brown,40316,QB,BLT,2,61.4,44,49,9.4,2.46,3,0,0.0,44.9,22,0,17,18.5,54,5,13,3,38.8,36.2,36.0,60.5,0,2,56,0,29.4,48.2,9.3,5,0,2,0,0,3,5.4,302,6.2
","Brian Hoyer,5277,QB,LV,2,59.5,42,42,8.5,2.26,0,3,6.5,54.8,23,0,5,8.0,43,2,14,23,80.6,55.2,54.6,60.5,0,2,47,0,20.0,50.8,2.3,1,0,0,0,0,1,2.1,231,5.5
","Brian Hoyer,5277,QB,LV,2,59.5,42,42,8.5,2.26,0,3,6.5,54.8,23,0,5,8,43,2,14,23,80.6,55.2,54.6,60.5,0,2,47,0,20,50.8,2.3,1,0,0,0,0,1,2.1,231,5.5
"
"Marcus Mariota,9435,QB,LV,1,72.0,25,28,10.8,2.89,1,2,6.9,60.7,17,0,5,5.6,32,1,14,23,79.1,82.1,77.4,74.1,0,1,33,0,0.0,83.3,0.0,0,4,1,1,1,2,6.1,226,8.1
","Nick Mullens,12282,QB,CLV,1,75,28,30,8,2.55,0,1,3.2,66.7,20,0,8,4.8,30,1,9,8,77.6,69.2,70,,0,0,31,1,0,89.2,0,0,0,1,1,1,0,0,147,4.9
","Nick Foles,7089,QB,IND,2,65.9,41,42,8.4,2.75,0,0,0.0,59.5,25,0,18,7.4,51,2,9,14,80.9,34.0,35.3,53.6,0,4,53,0,44.4,34.3,15.7,8,1,0,1,0,5,9.4,224,5.3
","Davis Mills,52269,QB,HST,6,60.5,38,40,7.9,2.67,1,0,0.0,47.5,19,0,17,17.4,43,4,12,13,80.5,48.3,46.3,68.2,0,0,45,0,11.8,77.0,4.7,2,1,0,1,2,4,8.9,179,4.5
","Davis Mills,52269,QB,HST,6,60.5,38,40,7.9,2.67,1,0,0,47.5,19,0,17,17.4,43,4,12,13,80.5,48.3,46.3,68.2,0,0,45,0,11.8,77,4.7,2,1,0,1,2,4,8.9,179,4.5
"
"Brian Hoyer,5277,QB,NE,1,69.6,23,24,8.0,2.51,0,1,4.2,62.5,15,0,7,6.3,27,1,9,19,25.2,58.8,56.3,63.9,0,1,27,0,28.6,59.4,7.4,2,1,0,1,0,3,11.1,130,5.4
","Ian Book,40216,QB,NO,1,72.2,18,20,4.2,3.77,0,0,0,60,12,0,17,7.7,30,1,5,20,77.8,54.1,53,59.9,0,2,31,1,47.1,40.6,26.7,8,2,0,2,0,1,3.2,135,6.8
","Davis Webb,11842,QB,NYG,1,63.9,36,40,6.6,2.87,2,0,0.0,57.5,23,0,19,0.0,42,0,11,21,80.2,33.8,33.8,64.6,0,0,43,3,0.0,75.8,0.0,0,2,0,2,1,3,7.0,168,4.2
","Brett Rypien,46487,QB,NYJ,2,58.8,34,38,8.7,2.74,3,0,0.0,47.4,18,1,14,10.0,44,2,9,22,22.4,48.1,48.0,70.7,0,1,47,3,14.3,49.5,4.5,2,3,0,1,0,3,6.4,172,4.5
","Brett Rypien,46487,QB,NYJ,2,58.8,34,38,8.7,2.74,3,0,0,47.4,18,1,14,10,44,2,9,22,22.4,48.1,48,70.7,0,1,47,3,14.3,49.5,4.5,2,3,0,1,0,3,6.4,172,4.5
"
"Matt Barkley,7880,QB,BUF,4,68.4,19,21,13.4,2.44,2,2,9.5,52.4,11,0,5,15.4,22,2,9,4,77.5,60.6,59.1,61.6,0,1,22,0,20.0,80.9,4.5,1,0,0,0,1,2,9.1,197,9.4
","Kyle Allen,26152,QB,WAS,2,77.8,18,19,7.4,2.67,0,2,10,63.2,12,0,6,14.3,22,2,7,32,24.5,65.9,65.7,66.3,0,0,23,1,33.3,81,9.1,2,1,0,1,0,1,4.3,120,6.3
","Bryce Perkins,35299,QB,LA,4,66.7,30,34,6.5,3.47,2,1,2.9,55.9,19,0,23,5.0,47,1,14,26,82.0,60.0,60.4,63.6,1,2,47,2,26.1,53.7,12.8,6,7,1,0,1,1,2.1,161,4.7
","Tyler Huntley,46448,QB,BLT,5,70.6,34,37,7.2,3.21,1,1,2.7,56.8,21,0,18,12.5,48,3,14,3,81.5,63.8,64.7,57.6,0,0,48,0,22.2,99.3,8.3,4,7,0,2,3,1,2.1,203,5.5
","Tyler Huntley,46448,QB,BLT,5,70.6,34,37,7.2,3.21,1,1,2.7,56.8,21,0,18,12.5,48,3,14,3,81.5,63.8,64.7,57.6,0,0,48,0,22.2,99.3,8.3,4,7,0,2,3,1,2.1,203,5.5
"
"Tyler Huntley,46448,QB,BLT,3,61.1,18,18,10.7,3.03,0,1,5.6,50.0,9,0,5,18.2,21,2,4,3,78.4,61.6,57.7,64.9,0,0,21,0,20.0,61.1,4.8,1,2,0,0,0,1,4.8,75,4.2
","Chad Henne,4371,QB,KC,1,80,15,16,6.8,2.62,0,0,0,68.8,11,0,2,8.3,17,1,6,16,18.4,30.8,43.1,30.6,0,0,18,0,0,80.7,0,0,1,0,1,0,1,5.6,82,5.1
","Trey Lance,91399,QB,SF,2,64.3,28,31,7.8,3.15,1,2,6.3,48.4,15,0,15,16.7,38,3,8,28,34.8,53.1,52.4,56.7,1,1,39,0,13.3,55.0,5.3,2,4,0,1,0,1,2.6,194,6.3
","Blaine Gabbert,6162,QB,KC,2,68.8,32,35,5.9,2.41,2,0,0.0,51.4,18,0,18,18.2,40,4,10,16,79.8,60.7,54.6,74.8,0,3,41,0,5.6,31.2,2.5,1,4,0,1,0,2,4.9,185,5.3
","Blaine Gabbert,6162,QB,KC,2,68.8,32,35,5.9,2.41,2,0,0,51.4,18,0,18,18.2,40,4,10,16,79.8,60.7,54.6,74.8,0,3,41,0,5.6,31.2,2.5,1,4,0,1,0,2,4.9,185,5.3
"
"Blaine Gabbert,6162,QB,TB,2,60.0,15,16,7.4,2.22,0,0,0.0,56.3,9,0,5,0.0,19,0,5,30,77.6,56.8,53.8,63.4,1,0,22,0,20.0,125.8,5.3,1,2,0,0,2,0,0.0,143,8.9
","Brian Hoyer,5277,QB,NE,3,81.8,11,11,8.8,2.12,0,1,9.1,81.8,9,0,2,0,11,0,8,19,76.7,83.6,81.9,67.7,0,0,11,0,0,149.1,0,0,0,0,0,1,0,0,227,20.6
","Trevor Siemian,9683,QB,CHI,2,60.0,25,26,7.2,2.63,0,0,0.0,57.7,15,0,11,0.0,29,0,7,6,78.0,33.9,33.5,56.1,0,1,29,0,18.2,76.4,6.9,2,1,0,1,1,2,6.9,184,7.1
","Jeff Driskel,10841,QB,CLV,1,62.5,24,26,10.7,2.98,1,2,7.7,50.0,13,0,11,13.3,32,2,11,8,78.7,66.4,58.9,83.4,0,2,32,1,27.3,63.9,9.4,3,3,0,1,2,3,9.4,166,6.4
","Jeff Driskel,10841,QB,CLV,1,62.5,24,26,10.7,2.98,1,2,7.7,50,13,0,11,13.3,32,2,11,8,78.7,66.4,58.9,83.4,0,2,32,1,27.3,63.9,9.4,3,3,0,1,2,3,9.4,166,6.4
"
"Chris Streveler,46440,QB,ARZ,1,68.8,16,16,6.5,2.14,0,0,0.0,68.8,11,0,6,0.0,18,0,5,1,76.5,27.4,25.7,66.5,0,1,21,0,33.3,81.5,11.1,2,0,0,0,1,3,14.3,105,6.6
","Josh Rosen,35460,QB,ATL,3,20,10,11,11.9,2.72,0,0,0,18.2,2,0,4,0,11,0,1,2,71.9,24.1,24.7,,0,2,11,0,0,0,0,0,0,0,1,0,1,9.1,19,1.7
","Nick Mullens,12282,QB,MIN,4,87.5,24,25,7.2,2.53,0,1,4.0,84.0,21,0,7,0.0,27,0,11,18,77.3,69.0,69.9,57.1,1,1,27,0,0.0,100.7,0.0,0,2,0,0,1,2,7.4,224,9.0
","Cooper Rush,12324,QB,DAL,7,75.0,24,24,8.4,1.91,0,1,4.0,75.0,18,0,6,0.0,27,0,8,9,79.6,58.0,54.3,66.2,0,1,28,0,16.7,72.2,3.7,1,1,0,0,0,1,3.6,144,6.0
","Cooper Rush,12324,QB,DAL,7,75,24,24,8.4,1.91,0,1,4,75,18,0,6,0,27,0,8,9,79.6,58,54.3,66.2,0,1,28,0,16.7,72.2,3.7,1,1,0,0,0,1,3.6,144,6
"
"Robert Griffin III,7008,QB,BLT,3,61.5,13,14,6.7,2.08,0,0,0.0,57.1,8,0,8,0.0,17,0,1,3,78.4,52.9,36.3,75.2,1,2,20,0,37.5,22.6,17.6,3,0,0,0,0,1,5.0,42,3.0
","Blaine Gabbert,6162,QB,TB,5,70,10,11,7.8,2.19,1,1,7.7,63.6,7,0,2,0,12,0,4,30,25.1,70.6,69.6,62.3,0,0,14,0,50,80.5,8.3,1,0,0,0,0,1,7.1,67,6.1
","Nathan Peterman,11926,QB,CHI,3,65.2,23,25,10.5,2.79,0,1,4.0,56.0,14,1,3,6.7,28,1,9,6,77.0,66.7,68.0,54.5,1,1,28,1,33.3,68.6,3.6,1,2,1,0,1,0,0.0,139,5.6
","Carson Wentz,10636,QB,LA,1,87.0,23,24,6.7,2.49,0,3,10.3,70.8,17,0,9,15.0,30,3,12,26,80.8,80.7,80.2,68.1,0,1,35,0,22.2,99.8,6.7,2,4,0,1,2,0,0.0,163,6.8
","Carson Wentz,10636,QB,LA,1,87,23,24,6.7,2.49,0,3,10.3,70.8,17,0,9,15,30,3,12,26,80.8,80.7,80.2,68.1,0,1,35,0,22.2,99.8,6.7,2,4,0,1,2,0,0,163,6.8
"
"Nate Sudfeld,10821,QB,PHI,1,55.6,9,12,9.7,3.09,0,0,0.0,41.7,5,0,9,0.0,15,0,2,24,73.5,32.8,39.7,46.9,0,1,15,0,22.2,14.6,13.3,2,1,0,3,0,1,6.7,32,2.7
","Chris Streveler,46440,QB,ARZ,1,66.7,9,9,4.8,2.56,0,0,0,66.7,6,0,4,0,12,0,1,1,73,50.8,56.9,56.1,0,0,12,1,50,74.3,16.7,2,1,0,0,0,0,0,36,4
","Jordan Love,40306,QB,GB,4,85.0,20,21,7.8,2.17,0,1,4.8,66.7,14,0,4,17.6,21,3,9,12,75.7,78.7,77.1,60.0,0,0,21,0,0.0,112.2,0.0,0,0,1,0,1,0,0.0,195,9.3
","Marcus Mariota,9435,QB,PHI,2,71.4,21,23,8.1,3.01,2,1,4.3,65.2,15,0,9,0.0,29,0,12,24,27.4,66.3,55.6,80.7,0,1,29,1,33.3,82.5,10.3,3,3,0,0,1,2,6.9,164,7.1
","Marcus Mariota,9435,QB,PHI,2,71.4,21,23,8.1,3.01,2,1,4.3,65.2,15,0,9,0,29,0,12,24,27.4,66.3,55.6,80.7,0,1,29,1,33.3,82.5,10.3,3,3,0,0,1,2,6.9,164,7.1
"
"Jameis Winston,9434,QB,NO,3,66.7,12,12,7.5,2.73,0,0,0.0,66.7,8,0,6,0.0,15,0,6,20,76.6,43.8,46.5,56.6,0,0,16,1,33.3,130.9,13.3,2,1,0,0,1,1,6.3,131,10.9
","Mitch Trubisky,11757,QB,BUF,4,87.5,8,8,5.1,2.77,0,0,0,75,6,0,1,14.3,10,1,4,4,77.4,68.4,53,76.6,0,1,10,1,0,47.4,0,0,2,0,0,0,1,10,43,5.4
","Jeff Driskel,10841,QB,HST,6,93.8,16,20,2.5,2.6,3,0,0.0,70.0,14,0,7,6.7,24,1,7,13,80.7,68.0,62.0,69.9,0,0,24,0,28.6,99.6,8.3,2,2,0,1,1,0,0.0,108,5.4
","Jacoby Brissett,10725,QB,WAS,2,86.4,22,23,9.0,2.83,0,1,3.7,78.3,18,0,8,5.3,25,1,10,32,77.4,84.6,79.4,75.0,0,0,29,0,0.0,146.8,0.0,0,2,0,1,3,0,0.0,224,9.7
","Jacoby Brissett,10725,QB,WAS,2,86.4,22,23,9,2.83,0,1,3.7,78.3,18,0,8,5.3,25,1,10,32,77.4,84.6,79.4,75,0,0,29,0,0,146.8,0,0,2,0,1,3,0,0,224,9.7
"
"Trace McSorley,32819,QB,BLT,2,62.5,8,10,9.3,2.74,1,0,0.0,30.0,3,0,4,40.0,11,2,3,3,74.1,57.4,55.5,61.2,0,0,11,0,0.0,97.9,0.0,0,1,0,1,1,1,9.1,90,9.0
","Ryan Fitzpatrick,2467,QB,WAS,1,80,5,6,3.8,2.59,0,0,0,50,3,0,5,25,8,1,0,32,70.3,38.9,42.5,55.7,1,0,9,0,20,56.3,12.5,1,1,0,0,0,1,11.1,13,2.2
","Sam Howell,97599,QB,WAS,1,70.6,17,19,9.7,2.86,1,1,4.5,57.9,11,0,12,8.3,25,1,9,32,77.5,68.5,61.5,75.6,0,1,28,0,25.0,82.8,12.0,3,3,0,1,1,1,3.6,168,8.8
","Clayton Tune,77652,QB,ARZ,2,73.7,19,21,3.2,2.95,2,0,0.0,57.1,12,0,17,14.3,33,2,4,1,78.8,34.2,28.0,65.6,0,2,35,0,41.2,22.6,21.2,7,5,0,0,0,3,8.6,62,3.0
","Clayton Tune,77652,QB,ARZ,2,73.7,19,21,3.2,2.95,2,0,0,57.1,12,0,17,14.3,33,2,4,1,78.8,34.2,28,65.6,0,2,35,0,41.2,22.6,21.2,7,5,0,0,0,3,8.6,62,3
"
"David Blough,46508,QB,DET,1,66.7,9,10,9.8,3.26,1,0,0.0,60.0,6,0,8,0.0,12,0,2,11,73.2,33.6,29.5,65.9,0,1,14,0,12.5,32.9,8.3,1,1,0,0,0,2,14.3,49,4.9
","Jacob Eason,46444,QB,SEA,1,40,5,5,12.4,2.9,0,0,0,40,2,0,1,0,5,0,2,29,68,29.6,31.5,,0,1,5,0,0,16.7,0,0,0,0,0,0,1,20,25,5
","Taysom Hill,12112,TE,NO,12,72.2,18,19,14.1,2.64,0,3,15.0,68.4,13,0,7,0.0,21,0,11,20,49.1,75.6,84.7,82.9,0,0,23,1,28.6,146.3,9.5,2,0,0,1,2,0,0.0,240,12.6
","Jaren Hall,82094,QB,MIN,3,68.4,19,20,6.8,3.23,0,0,0.0,65.0,13,0,13,0.0,27,0,7,18,77.2,60.3,64.4,49.7,0,1,27,0,30.8,70.4,14.8,4,3,0,1,0,0,0.0,168,8.4
","Jaren Hall,82094,QB,MIN,3,68.4,19,20,6.8,3.23,0,0,0,65,13,0,13,0,27,0,7,18,77.2,60.3,64.4,49.7,0,1,27,0,30.8,70.4,14.8,4,3,0,1,0,0,0,168,8.4
"
"Case Keenum,7323,QB,CLV,1,55.6,9,10,3.6,2.11,0,0,0.0,50.0,5,0,2,0.0,10,0,2,8,71.4,44.7,45.4,,0,0,10,0,0.0,62.9,0.0,0,0,0,1,0,0,0.0,46,4.6
","Justin Jefferson,61398,WR,MIN,4,66.7,3,4,2.3,4.45,0,0,0,50,2,0,3,0,4,0,2,18,60.9,90.1,68.2,58,0,0,4,1,0,80.2,0,0,0,0,1,0,0,0,35,8.8
","Chris Streveler,46440,QB,NYJ,1,78.6,14,15,9.1,3.35,0,0,0.0,66.7,10,0,6,9.1,19,1,5,22,25.2,41.0,41.9,52.0,1,0,20,0,0.0,82.6,0.0,0,4,0,0,0,2,10.0,90,6.0
","Taysom Hill,12112,TE,NO,10,60.0,10,11,13.8,3.11,1,0,0.0,54.5,6,0,5,0.0,16,0,6,20,67.7,75.3,51.6,86.1,0,0,17,0,40.0,109.3,12.5,2,3,0,0,1,0,0.0,83,7.5
","Taysom Hill,12112,TE,NO,10,60,10,11,13.8,3.11,1,0,0,54.5,6,0,5,0,16,0,6,20,67.7,75.3,51.6,86.1,0,0,17,0,40,109.3,12.5,2,3,0,0,1,0,0,83,7.5
"
"Kendall Hinton,34045,QB,DEN,1,12.5,8,9,15.8,3.58,0,0,0.0,11.1,1,0,5,0.0,11,0,1,10,72.6,24.0,24.3,61.3,0,2,11,1,20.0,0.0,9.1,1,1,0,1,0,4,36.4,13,1.4
","John Wolford,46454,QB,LA,2,25,4,4,2.8,2.24,0,0,0,25,1,0,2,0,5,0,0,26,70.2,40.2,38.6,58.1,0,1,5,0,50,0,20,1,0,0,0,0,1,20,5,1.3
","Josh Johnson,4474,QB,SF,2,88.9,9,15,2.9,2.42,2,0,0.0,53.3,8,0,11,0.0,17,0,4,28,23.9,48.1,69.9,38.9,2,0,17,3,18.2,69.9,11.8,2,0,0,2,0,0,0.0,84,5.6
","Mike White,46453,QB,MIA,4,83.3,6,6,3.7,1.67,0,1,16.7,83.3,5,0,0,0.0,6,0,1,17,73.9,52.5,46.2,60.3,0,1,6,0,,118.1,0.0,0,0,0,0,1,1,16.7,74,12.3
","Mike White,46453,QB,MIA,4,83.3,6,6,3.7,1.67,0,1,16.7,83.3,5,0,0,0,6,0,1,17,73.9,52.5,46.2,60.3,0,1,6,0,,118.1,0,0,0,0,0,1,1,16.7,74,12.3
"
"Jacoby Brissett,10725,QB,IND,5,42.9,7,8,9.1,3.37,0,0,0.0,25.0,2,0,5,33.3,11,1,2,14,78.3,73.7,52.5,85.6,0,0,11,2,40.0,39.6,18.2,2,1,0,1,0,0,0.0,17,2.1
","Kadarius Toney,61245,WR,NYG,5,66.7,3,3,18.7,5,0,0,0,33.3,1,1,2,50,5,1,1,21,79.7,72.8,66.7,48.8,0,0,5,1,50,56.3,20,1,1,0,0,0,0,0,19,6.3
","Chase Daniel,5214,QB,LAC,3,66.7,12,12,1.3,2.46,0,0,0.0,66.7,8,0,4,0.0,14,0,4,27,73.5,40.7,43.0,55.7,0,0,15,0,25.0,103.5,7.1,1,1,0,0,1,1,6.7,52,4.3
","A.J. McCarron,8799,QB,CIN,2,100.0,5,5,-1.4,2.55,0,0,0.0,80.0,4,0,4,20.0,6,1,0,7,69.6,59.0,58.4,,0,0,7,0,25.0,82.5,16.7,1,0,0,0,0,0,0.0,19,3.8
","A.J. McCarron,8799,QB,CIN,2,100,5,5,-1.4,2.55,0,0,0,80,4,0,4,20,6,1,0,7,69.6,59,58.4,,0,0,7,0,25,82.5,16.7,1,0,0,0,0,0,0,19,3.8
"
"Geno Smith,7820,QB,SEA,1,100.0,4,5,4.5,2.32,0,0,0.0,80.0,4,0,2,0.0,6,0,3,29,70.8,62.2,67.4,53.9,1,0,6,0,50.0,94.2,16.7,1,0,0,0,0,0,0.0,33,6.6
","Cedrick Wilson Jr.,48170,WR,DAL,3,100,3,3,22.3,3.57,0,1,33.3,100,3,0,1,0,3,0,3,9,31.4,71.7,82,60.9,0,0,3,1,0,118.8,0,0,0,0,0,0,0,0,88,29.3
","C.J. Beathard,11859,QB,JAX,2,81.8,11,11,6.0,2.68,0,0,0.0,63.6,7,0,6,22.2,12,2,2,15,74.4,57.6,56.3,61.0,0,1,12,1,16.7,30.5,8.3,1,0,0,0,0,0,0.0,35,3.2
","Malik Willis,60341,QB,TEN,1,80.0,5,5,7.6,3.55,0,0,0.0,80.0,4,0,6,0.0,12,0,2,31,74.5,45.9,48.4,52.2,0,0,15,0,66.7,118.8,33.3,4,3,0,0,0,0,0.0,74,14.8
","Malik Willis,60341,QB,TEN,1,80,5,5,7.6,3.55,0,0,0,80,4,0,6,0,12,0,2,31,74.5,45.9,48.4,52.2,0,0,15,0,66.7,118.8,33.3,4,3,0,0,0,0,0,74,14.8
"
"Joshua Dobbs,11890,QB,PIT,1,100.0,4,5,-3.5,2.14,0,0,0.0,80.0,4,0,1,0.0,5,0,0,25,70.2,70.0,61.8,68.7,0,0,5,0,0.0,79.2,0.0,0,0,0,1,0,0,0.0,2,0.4
","Kellen Mond,60556,QB,MIN,1,66.7,3,3,1,2,0,0,0,66.7,2,0,1,0,3,0,0,18,65.5,21.8,23.4,,0,0,3,0,0,70.1,0,0,0,0,0,0,1,33.3,5,1.7
","Kyle Trask,39987,QB,TB,1,37.5,8,9,12.4,2.38,0,0,0.0,33.3,3,0,1,0.0,9,0,1,30,70.9,43.1,44.3,,0,0,9,0,0.0,42.4,0.0,0,0,0,1,0,0,0.0,23,2.6
","Logan Woodside,46517,QB,ATL,1,75.0,4,4,2.0,2.55,0,0,0.0,75.0,3,0,2,0.0,6,0,3,2,68.9,24.8,24.9,58.3,0,1,6,0,50.0,53.1,16.7,1,1,0,0,0,1,16.7,27,6.8
","Logan Woodside,46517,QB,ATL,1,75,4,4,2,2.55,0,0,0,75,3,0,2,0,6,0,3,2,68.9,24.8,24.9,58.3,0,1,6,0,50,53.1,16.7,1,1,0,0,0,1,16.7,27,6.8
"
"Nathan Peterman,11926,QB,LV,1,60.0,5,5,2.0,2.91,0,0,0.0,60.0,3,0,2,0.0,8,0,2,23,70.3,60.2,54.4,63.9,0,0,8,0,100.0,72.9,25.0,2,1,0,0,0,0,0.0,25,5.0
","Jack Fox,34735,P,DET,3,66.7,3,3,10.3,2.07,0,0,0,66.7,2,0,0,0,3,0,2,11,65.5,71.5,69.7,,0,0,3,0,,109.7,0,0,0,0,0,0,0,0,38,12.7
","Chad Henne,4371,QB,KC,2,85.7,7,9,3.1,2.01,2,0,0.0,55.6,5,0,2,16.7,9,1,3,16,74.4,67.7,62.7,61.6,0,0,9,0,0.0,97.9,0.0,0,0,0,0,1,0,0.0,23,2.6
","Jakobi Meyers,47468,WR,LV,3,100.0,2,3,10.5,4.55,0,0,0.0,66.7,2,0,2,0.0,4,0,2,23,82.1,69.9,80.8,70.0,0,0,4,6,0.0,113.9,0.0,0,1,0,1,1,0,0.0,12,4.0
","Jakobi Meyers,47468,WR,LV,3,100,2,3,10.5,4.55,0,0,0,66.7,2,0,2,0,4,0,2,23,82.1,69.9,80.8,70,0,0,4,6,0,113.9,0,0,1,0,1,1,0,0,12,4
"
"Tyler Bray,8440,QB,CHI,1,33.3,3,5,11.7,2.22,0,0,0.0,20.0,1,0,2,0.0,5,0,1,6,68.0,40.7,42.2,,1,0,5,0,0.0,42.1,0.0,0,0,1,0,0,0,0.0,18,3.6
","Cooper Kupp,11824,WR,LA,2,0,2,2,15,3.6,0,0,0,0,0,0,1,,2,0,0,26,76.3,93,66.2,51.3,0,0,2,0,0,39.6,0,0,0,0,0,0,0,0,0,0
","Blaine Gabbert,6162,QB,TB,1,75.0,8,8,2.8,1.68,0,0,0.0,75.0,6,0,1,0.0,8,0,2,30,70.3,63.8,63.1,,0,0,8,0,0.0,119.3,0.0,0,0,0,0,1,0,0.0,29,3.6
","Derrick Henry,10679,HB,TEN,3,66.7,3,3,15.7,2.73,0,0,0.0,66.7,2,0,0,0.0,3,0,2,31,91.4,90.2,72.2,86.8,0,0,3,0,,116.7,0.0,0,0,0,0,2,0,0.0,14,4.7
","Derrick Henry,10679,HB,TEN,3,66.7,3,3,15.7,2.73,0,0,0,66.7,2,0,0,0,3,0,2,31,91.4,90.2,72.2,86.8,0,0,3,0,,116.7,0,0,0,0,0,2,0,0,14,4.7
"
"Jarvis Landry,8698,WR,CLV,4,100.0,4,4,14.5,3.65,0,2,50.0,100.0,4,1,3,0.0,4,0,4,8,56.0,84.7,89.9,70.2,0,0,4,4,0.0,158.3,0.0,0,0,0,0,1,0,0.0,74,18.5
","Marcus Mariota,9435,QB,LV,2,50,2,2,15,2.45,0,0,0,50,1,0,0,0,2,0,0,23,23.1,58.2,60.7,57.8,0,0,2,0,,56.3,0,0,0,0,0,0,0,0,4,2
","Tyrod Taylor,6332,QB,NYG,2,87.5,8,8,11.1,3.29,0,0,0.0,75.0,6,0,7,14.3,15,1,7,21,15.1,58.3,52.6,65.5,0,1,16,0,42.9,94.8,20.0,3,4,0,0,1,3,18.8,58,7.3
","Keenan Allen,7857,WR,LAC,2,100.0,1,2,23.0,3.35,0,0,0.0,50.0,1,0,1,0.0,2,0,1,27,35.7,86.3,71.4,,0,0,2,1,0.0,135.4,0.0,0,0,0,1,1,0,0.0,49,24.5
","Keenan Allen,7857,WR,LAC,2,100,1,2,23,3.35,0,0,0,50,1,0,1,0,2,0,1,27,35.7,86.3,71.4,,0,0,2,1,0,135.4,0,0,0,0,1,1,0,0,49,24.5
"
"Logan Woodside,46517,QB,TEN,2,33.3,3,3,6.3,2.5,0,0,0.0,33.3,1,0,0,0.0,3,0,1,31,72.8,66.4,60.0,66.5,0,0,3,0,,42.4,0.0,0,0,0,0,0,0,0.0,7,2.3
","C.J. Beathard,11859,QB,JAX,1,100,2,2,13,2.6,0,1,33.3,100,2,0,0,0,2,0,1,15,67.4,95,95.4,60,0,0,3,0,,118.8,0,0,0,0,0,0,0,0,33,16.5
","Tim Boyle,21956,QB,CHI,1,25.0,8,8,12.3,2.56,0,0,0.0,25.0,2,0,1,0.0,8,0,2,6,72.3,35.2,35.4,60.0,0,2,9,0,0.0,4.7,0.0,0,0,0,0,0,1,11.1,33,4.1
","Christian Kirk,47546,WR,JAX,2,50.0,2,2,12.5,3.85,0,0,0.0,50.0,1,1,0,0.0,2,0,0,15,26.7,71.1,52.1,63.3,0,0,2,1,,56.3,0.0,0,0,0,0,0,0,0.0,-1,-0.5
","Christian Kirk,47546,WR,JAX,2,50,2,2,12.5,3.85,0,0,0,50,1,1,0,0,2,0,0,15,26.7,71.1,52.1,63.3,0,0,2,1,,56.3,0,0,0,0,0,0,0,0,-1,-0.5
"
"Tyler Boyd,10689,WR,CIN,2,50.0,2,2,0.5,3.65,0,0,0.0,50.0,1,2,1,0.0,2,0,1,7,53.8,75.8,55.0,65.6,0,0,2,3,0.0,77.1,0.0,0,0,0,0,0,0,0.0,16,8.0
","Greg Ward,12258,WR,PHI,2,50,2,2,5,4,0,0,0,50,1,0,1,0,2,0,0,24,74.4,54.9,51.4,,0,0,2,1,0,56.3,0,0,0,0,0,0,0,0,2,1
","Case Keenum,7323,QB,BUF,2,28.6,7,7,8.3,1.87,0,0,0.0,28.6,2,0,0,0.0,7,0,0,4,73.2,28.5,27.3,58.1,0,0,7,0,,39.6,0.0,0,0,0,0,0,1,14.3,8,1.1
","Justin Jefferson,61398,WR,MIN,1,0.0,1,1,22.0,3.5,0,0,0.0,0.0,0,1,1,,1,0,0,18,48.1,91.1,49.2,57.2,0,0,1,1,0.0,39.6,0.0,0,0,0,0,0,0,0.0,0,0.0
","Justin Jefferson,61398,WR,MIN,1,0,1,1,22,3.5,0,0,0,0,0,1,1,,1,0,0,18,48.1,91.1,49.2,57.2,0,0,1,1,0,39.6,0,0,0,0,0,0,0,0,0,0
"
"Lynn Bowden,61361,WR,MIA,3,50.0,2,2,7.5,5.83,0,0,0.0,50.0,1,0,1,0.0,4,0,1,17,78.8,68.8,55.5,77.9,0,0,4,0,0.0,95.8,0.0,0,2,0,0,0,0,0.0,32,16.0
","Brett Rypien,46487,QB,DEN,1,0,1,2,15,2.65,0,0,0,0,0,0,1,,2,0,0,10,63.6,44,45.2,,0,0,2,0,0,39.6,0,0,0,0,1,0,0,0,0,0
","Brian Hoyer,5277,QB,NE,1,83.3,6,6,4.2,1.97,0,0,0.0,83.3,5,0,3,0.0,7,0,2,19,69.6,63.7,62.9,,0,0,7,0,33.3,92.4,14.3,1,0,0,0,0,0,0.0,37,6.2
","Logan Cooke,29214,P,JAX,1,100.0,1,1,4.0,2.4,0,0,0.0,100.0,1,0,0,0.0,1,0,1,15,60.4,70.3,66.9,,0,0,1,0,,118.8,0.0,0,0,0,0,0,0,0.0,13,13.0
","Logan Cooke,29214,P,JAX,1,100,1,1,4,2.4,0,0,0,100,1,0,0,0,1,0,1,15,60.4,70.3,66.9,,0,0,1,0,,118.8,0,0,0,0,0,0,0,0,13,13
"
"Golden Tate,5585,WR,NYG,2,100.0,1,2,-6.0,4.7,0,0,0.0,50.0,1,1,2,0.0,2,0,1,21,79.9,66.0,58.8,,0,0,2,2,0.0,81.3,0.0,0,0,0,1,0,0,0.0,18,9.0
","Jakobi Meyers,47468,WR,NE,1,100,2,2,5,3.75,0,1,50,100,2,0,1,0,2,0,1,19,83.7,74.7,78.1,63.1,0,0,2,3,0,118.8,0,0,0,0,0,0,0,0,45,22.5
","Jacob Eason,46444,QB,CAR,1,80.0,5,5,5.0,2.22,0,0,0.0,60.0,3,0,1,25.0,5,1,2,5,68.0,29.2,29.9,,0,1,5,0,0.0,61.7,0.0,0,0,0,0,0,1,20.0,59,11.8
","Aaron Rodgers,2241,QB,NYJ,1,,0,1,,4.15,0,0,0.0,0.0,0,0,2,,2,0,0,22,65.5,39.4,41.1,,0,0,3,0,50.0,39.6,50.0,1,0,0,1,0,0,0.0,0,0.0
","Aaron Rodgers,2241,QB,NYJ,1,,0,1,,4.15,0,0,0,0,0,0,2,,2,0,0,22,65.5,39.4,41.1,,0,0,3,0,50,39.6,50,1,0,0,1,0,0,0,0,0
"
"Travis Kelce,7844,TE,KC,2,50.0,2,2,0.5,3.15,0,0,0.0,50.0,1,0,0,0.0,2,0,1,16,65.4,93.8,58.8,,0,0,2,7,,56.3,0.0,0,0,0,0,0,0,0.0,4,2.0
","Deebo Samuel,48274,WR,SF,2,50,2,2,24.5,3.65,0,0,0,50,1,0,1,0,2,0,1,28,39.8,90.2,62.3,85.3,0,0,2,1,0,133.3,0,0,0,0,0,1,0,0,24,12
","Justin Jefferson,61398,WR,MIN,4,100.0,3,3,-1.0,4.2,0,0,0.0,100.0,3,1,1,0.0,4,0,2,18,86.0,90.2,62.1,65.2,0,0,4,4,0.0,111.1,0.0,0,1,0,0,0,0,0.0,32,10.7
","Jalen Reeves-Maybin,11879,LB,DET,1,100.0,1,1,22.0,2.1,0,0,0.0,100.0,1,0,0,0.0,1,0,1,11,66.7,71.2,70.7,59.8,0,0,1,0,,118.8,0.0,0,0,0,0,0,0,0.0,31,31.0
","Jalen Reeves-Maybin,11879,LB,DET,1,100,1,1,22,2.1,0,0,0,100,1,0,0,0,1,0,1,11,66.7,71.2,70.7,59.8,0,0,1,0,,118.8,0,0,0,0,0,0,0,0,31,31
"
"Julian Edelman,5156,WR,NE,1,100.0,2,2,-1.5,3.85,0,0,0.0,100.0,2,0,0,0.0,2,0,2,19,75.8,68.8,61.6,62.6,0,0,2,0,,118.8,0.0,0,0,0,0,0,0,0.0,38,19.0
","A.J. Brown,48327,WR,TEN,2,0,1,2,29,4.05,0,0,0,0,0,1,2,,2,0,0,31,81.6,86.3,38.2,64.4,0,0,2,3,0,39.6,0,0,0,0,1,0,1,50,0,0
","Brandon Allen,10835,QB,CIN,1,100.0,3,3,3.7,2.6,0,0,0.0,100.0,3,0,1,0.0,4,0,1,7,70.5,74.9,70.1,65.7,0,0,4,0,100.0,97.2,25.0,1,0,0,0,0,0,0.0,22,7.3
","Kenneth Gainwell,77737,HB,PHI,1,100.0,1,1,17.0,2.6,0,0,0.0,100.0,1,0,0,0.0,1,0,1,24,29.3,55.3,69.7,52.4,0,0,1,0,,118.8,0.0,0,0,0,0,0,0,0.0,17,17.0
","Kenneth Gainwell,77737,HB,PHI,1,100,1,1,17,2.6,0,0,0,100,1,0,0,0,1,0,1,24,29.3,55.3,69.7,52.4,0,0,1,0,,118.8,0,0,0,0,0,0,0,0,17,17
"
"Jakobi Meyers,47468,WR,NE,2,100.0,2,2,20.0,3.65,0,1,50.0,100.0,2,0,1,0.0,2,0,2,19,46.4,78.6,85.4,60.3,0,0,2,3,0.0,158.3,0.0,0,0,0,0,2,0,0.0,43,21.5
","Blake Gillikin,45045,P,NO,1,0,1,1,9,1.9,0,0,0,0,0,0,0,,1,0,0,20,60.4,47.8,51.7,,0,0,1,0,,39.6,0,0,0,0,0,0,0,0,0,0
","Riley Dixon,10862,P,LA,2,100.0,2,2,4.5,2.05,0,0,0.0,100.0,2,0,0,0.0,2,0,2,26,63.6,70.5,67.6,,0,0,2,0,,104.2,0.0,0,0,0,0,0,0,0.0,18,9.0
","Dyami Brown,77986,WR,WAS,1,100.0,1,1,1.0,3.7,0,0,0.0,100.0,1,0,0,0.0,1,0,0,32,72.9,59.0,60.0,56.2,0,0,1,1,,83.3,0.0,0,0,0,0,0,0,0.0,4,4.0
","Dyami Brown,77986,WR,WAS,1,100,1,1,1,3.7,0,0,0,100,1,0,0,0,1,0,0,32,72.9,59,60,56.2,0,0,1,1,,83.3,0,0,0,0,0,0,0,0,4,4
"
"Cedrick Wilson Jr.,48170,WR,DAL,3,100.0,2,2,1.0,4.0,0,0,0.0,100.0,2,0,2,0.0,4,0,1,9,79.9,61.1,71.2,56.0,0,0,4,1,100.0,154.2,50.0,2,0,0,0,1,0,0.0,23,11.5
","David Montgomery,45719,HB,CHI,1,0,1,1,12,2.2,0,0,0,0,0,0,0,,1,0,0,6,83.7,69.8,37.2,67.7,0,1,1,0,,0,0,0,0,0,0,0,1,100,0,0
","Braden Mann,44664,P,NYJ,2,100.0,1,2,6.0,3.0,0,0,0.0,50.0,1,0,1,0.0,2,0,1,22,13.6,54.0,56.0,,0,0,2,0,0.0,79.2,0.0,0,0,0,1,0,1,50.0,17,8.5
","Jonnu Smith,11855,TE,ATL,1,0.0,1,1,9.0,3.3,0,0,0.0,0.0,0,2,0,,1,0,0,2,37.5,59.1,56.3,56.9,0,0,1,5,,39.6,0.0,0,0,0,0,0,0,0.0,0,0.0
","Jonnu Smith,11855,TE,ATL,1,0,1,1,9,3.3,0,0,0,0,0,2,0,,1,0,0,2,37.5,59.1,56.3,56.9,0,0,1,5,,39.6,0,0,0,0,0,0,0,0,0,0
"
"Russell Gage,44771,WR,ATL,2,100.0,2,2,38.0,2.75,0,2,100.0,50.0,1,0,1,50.0,2,1,1,2,81.8,76.4,98.8,62.6,0,0,2,1,0.0,135.4,0.0,0,0,0,0,1,0,0.0,39,19.5
","Joe Mixon,11803,HB,CIN,1,100,1,1,14,2.4,0,0,0,100,1,0,0,0,1,0,1,7,83.2,79.2,69.5,82.1,0,0,1,1,,131.3,0,0,0,0,0,1,0,0,6,6
","Christian McCaffrey,11763,HB,SF,2,100.0,1,2,30.0,4.85,0,1,50.0,50.0,1,0,1,0.0,2,0,1,28,89.4,90.4,85.0,82.1,0,0,2,0,0.0,135.4,0.0,0,0,0,1,1,0,0.0,34,17.0
","Chris Godwin,11839,WR,TB,1,0.0,1,1,18.0,3.6,0,0,0.0,0.0,0,1,0,,1,0,0,30,83.5,77.5,49.6,70.7,0,0,1,1,,39.6,0.0,0,0,0,0,0,0,0.0,0,0.0
","Chris Godwin,11839,WR,TB,1,0,1,1,18,3.6,0,0,0,0,0,1,0,,1,0,0,30,83.5,77.5,49.6,70.7,0,0,1,1,,39.6,0,0,0,0,0,0,0,0,0,0
"
"Greg Ward,12258,WR,PHI,2,100.0,1,1,15.0,5.9,0,0,0.0,100.0,1,1,2,0.0,2,0,1,24,41.3,58.8,68.8,48.6,0,0,2,1,0.0,118.8,0.0,0,1,0,0,0,0,0.0,15,15.0
","Leonard Fournette,11759,HB,TB,1,,0,1,,4.8,1,0,0,0,0,0,1,,1,0,0,30,83,75.1,60,80,0,0,1,0,0,39.6,0,0,0,0,0,0,0,0,0,0
","Derrick Henry,10679,HB,TEN,2,100.0,2,2,3.5,1.35,0,0,0.0,100.0,2,0,0,0.0,2,0,1,31,46.9,85.9,66.1,86.7,0,0,3,1,,118.8,0.0,0,0,0,0,1,0,0.0,4,2.0
","Tyler Boyd,10689,WR,CIN,1,0.0,1,1,-6.0,4.4,0,0,0.0,0.0,0,0,0,,1,0,0,7,81.5,59.5,57.3,59.1,0,1,1,2,,0.0,0.0,0,0,0,0,0,1,100.0,0,0.0
","Tyler Boyd,10689,WR,CIN,1,0,1,1,-6,4.4,0,0,0,0,0,0,0,,1,0,0,7,81.5,59.5,57.3,59.1,0,1,1,2,,0,0,0,0,0,0,0,1,100,0,0
"
"Brett Kern,4580,P,TEN,2,0.0,1,1,17.0,4.0,0,0,0.0,0.0,0,0,1,,1,0,0,31,60.4,53.8,55.5,,0,0,2,0,0.0,39.6,0.0,0,0,0,0,0,0,0.0,0,0.0
","Matthias Farley,10953,S,TEN,1,100,1,1,4,1.6,0,0,0,100,1,0,0,0,1,0,1,31,60.4,54.6,56.3,,0,0,1,0,,91.7,0,0,0,0,0,0,0,0,6,6
","Ryan Wright,77591,P,MIN,2,50.0,2,2,10.5,2.05,0,0,0.0,50.0,1,0,0,0.0,2,0,1,18,63.6,60.8,60.4,,0,0,2,0,,70.8,0.0,0,0,0,0,0,0,0.0,13,6.5
","Ja'Marr Chase,84270,WR,CIN,1,100.0,1,1,-7.0,4.8,0,0,0.0,100.0,1,1,0,0.0,1,0,0,7,58.8,85.3,60.0,52.8,0,0,1,2,,79.2,0.0,0,0,0,0,0,0,0.0,-7,-7.0
","Ja'Marr Chase,84270,WR,CIN,1,100,1,1,-7,4.8,0,0,0,100,1,1,0,0,1,0,0,7,58.8,85.3,60,52.8,0,0,1,2,,79.2,0,0,0,0,0,0,0,0,-7,-7
"
"Sammy Watkins,8639,WR,KC,1,0.0,1,1,23.0,4.5,0,0,0.0,0.0,0,0,0,,1,0,0,16,29.5,64.5,60.1,59.2,0,1,1,2,,0.0,0.0,0,0,0,0,0,0,0.0,0,0.0
","Riley Dixon,10862,P,NYG,1,0,1,1,13,2.4,0,0,0,0,0,0,0,,1,0,0,21,60.4,50.2,53.3,,0,0,1,0,,39.6,0,0,0,0,0,0,0,0,0,0
","Najee Harris,57121,HB,PIT,1,100.0,1,1,-5.0,0.6,0,0,0.0,100.0,1,0,0,0.0,1,0,0,25,76.0,73.5,60.0,75.2,0,0,1,1,,83.3,0.0,0,0,0,0,0,0,0.0,4,4.0
","Drake London,86519,WR,ATL,1,100.0,1,1,12.0,4.0,0,0,0.0,100.0,1,0,1,0.0,1,0,1,2,81.4,78.9,69.5,,0,0,1,1,0.0,118.8,0.0,0,0,0,0,0,0,0.0,22,22.0
","Drake London,86519,WR,ATL,1,100,1,1,12,4,0,0,0,100,1,0,1,0,1,0,1,2,81.4,78.9,69.5,,0,0,1,1,0,118.8,0,0,0,0,0,0,0,0,22,22
"
"Jamison Crowder,9538,WR,NYJ,1,100.0,1,1,26.0,3.9,0,0,0.0,100.0,1,0,0,0.0,1,0,1,22,80.8,75.3,71.0,63.1,0,0,1,2,,158.3,0.0,0,0,0,0,1,0,0.0,43,43.0
","Tyler Boyd,10689,WR,CIN,1,100,1,1,-5,3.5,0,0,0,100,1,0,0,0,1,0,1,7,55,70.8,60.1,65.4,0,0,1,2,,118.8,0,0,0,0,0,0,0,0,46,46
","Leonard Fournette,11759,HB,TB,1,0.0,1,1,15.0,2.2,0,0,0.0,0.0,0,0,1,,1,0,0,30,90.9,66.5,34.2,67.6,0,1,1,1,0.0,0.0,0.0,0,0,0,0,0,1,100.0,0,0.0
","Garrett Wilson,97405,WR,NYJ,1,0.0,1,1,9.0,2.9,0,0,0.0,0.0,0,1,0,,1,0,0,22,32.1,72.9,53.5,62.0,0,0,1,5,,39.6,0.0,0,0,0,0,0,0,0.0,0,0.0
","Garrett Wilson,97405,WR,NYJ,1,0,1,1,9,2.9,0,0,0,0,0,1,0,,1,0,0,22,32.1,72.9,53.5,62,0,0,1,5,,39.6,0,0,0,0,0,0,0,0,0,0
"
"A.J. McCarron,8799,QB,HST,2,100.0,1,1,18.0,2.9,0,0,0.0,100.0,1,0,1,0.0,2,0,1,13,63.6,64.1,63.3,,0,0,2,0,100.0,118.8,50.0,1,0,0,0,0,0,0.0,20,20.0
","Derrick Henry,10679,HB,TEN,1,100,1,1,13,2.4,0,0,0,100,1,0,0,0,1,0,1,31,84,77.3,70.7,74.9,0,0,1,1,,127.1,0,0,0,0,0,1,0,0,5,5
","James Proche II,48037,WR,BLT,1,0.0,1,1,35.0,4.6,0,0,0.0,0.0,0,0,0,,1,0,0,3,78.3,44.6,43.5,,0,1,1,5,,0.0,0.0,0,0,0,0,0,1,100.0,0,0.0
","Jerick McKinnon,8731,HB,KC,1,100.0,1,1,-4.0,0.9,0,0,0.0,100.0,1,0,0,0.0,1,0,1,16,80.8,63.0,60.1,60.6,0,0,1,0,,122.9,0.0,0,0,0,0,1,0,0.0,4,4.0
","Jerick McKinnon,8731,HB,KC,1,100,1,1,-4,0.9,0,0,0,100,1,0,0,0,1,0,1,16,80.8,63,60.1,60.6,0,0,1,0,,122.9,0,0,0,0,0,1,0,0,4,4
"
"Logan Thomas,8755,TE,WAS,1,100.0,1,1,28.0,4.2,0,1,100.0,100.0,1,0,0,0.0,1,0,1,32,82.6,65.2,79.9,63.9,0,0,1,4,,118.8,0.0,0,0,0,0,0,0,0.0,28,28.0
","Bryan Anger,7072,P,DAL,1,100,1,1,8,2,0,0,0,100,1,0,0,0,1,0,1,9,60.4,70.7,67.2,,0,0,1,0,,118.8,0,0,0,0,0,0,0,0,16,16
","Braxton Berrios,47961,WR,NYJ,1,100.0,1,1,4.0,3.0,0,0,0.0,100.0,1,0,0,0.0,1,0,1,22,70.3,62.8,70.8,72.6,0,0,1,0,,118.8,0.0,0,0,0,0,1,0,0.0,2,2.0
","Dontayvion Wicks,99711,WR,GB,1,100.0,1,1,9.0,2.5,0,0,0.0,100.0,1,0,0,0.0,1,0,1,12,23.0,77.8,69.9,59.2,0,0,1,2,,118.8,0.0,0,0,0,0,0,0,0.0,14,14.0
","Dontayvion Wicks,99711,WR,GB,1,100,1,1,9,2.5,0,0,0,100,1,0,0,0,1,0,1,12,23,77.8,69.9,59.2,0,0,1,2,,118.8,0,0,0,0,0,0,0,0,14,14
"
"Sam Koch,3148,P,BLT,1,100.0,1,1,9.0,2.0,0,0,0.0,100.0,1,0,0,0.0,1,0,1,3,60.4,70.7,67.2,,0,0,1,0,,118.8,0.0,0,0,0,0,0,0,0.0,15,15.0
","Ezekiel Elliott,10638,HB,DAL,1,100,1,1,-4,1.3,0,0,0,100,1,1,0,0,1,0,0,9,85.6,69.3,60.1,76.6,0,0,1,1,,83.3,0,0,0,0,0,0,0,0,4,4
","Tyler Boyd,10689,WR,CIN,2,100.0,1,1,21.0,3.45,0,0,0.0,100.0,1,0,1,0.0,2,0,1,7,81.3,70.2,71.4,,0,0,2,0,100.0,118.8,50.0,1,0,0,0,0,0,0.0,23,23.0
","DeAndre Hopkins,7808,WR,TEN,2,0.0,1,1,-2.0,6.55,0,0,0.0,0.0,0,0,2,,2,0,0,31,82.1,81.0,59.6,64.5,0,0,2,4,0.0,39.6,0.0,0,1,0,0,0,0,0.0,0,0.0
","DeAndre Hopkins,7808,WR,TEN,2,0,1,1,-2,6.55,0,0,0,0,0,0,2,,2,0,0,31,82.1,81,59.6,64.5,0,0,2,4,0,39.6,0,0,1,0,0,0,0,0,0,0
"
"DJ Moore,48267,WR,CAR,1,0.0,1,1,7.0,4.0,0,0,0.0,0.0,0,0,0,,1,0,0,5,81.6,79.1,53.5,75.3,0,0,1,3,,39.6,0.0,0,0,0,0,0,0,0.0,0,0.0
","Ty Long,9728,K,LAC,1,0,1,1,10,1.8,0,0,0,0,0,0,0,,1,0,0,27,60.4,60,60,,0,0,1,0,,39.6,0,0,0,0,0,0,0,0,0,0
","Garrett Wilson,97405,WR,NYJ,1,,0,1,,4.6,0,0,0.0,0.0,0,1,0,,1,0,0,22,28.2,82.7,60.0,31.2,0,0,1,5,,39.6,0.0,0,0,0,1,0,0,0.0,0,0.0
","Johnny Hekker,7252,P,CAR,1,100.0,1,1,-4.0,2.3,0,0,0.0,100.0,1,0,0,0.0,1,0,0,5,60.4,61.0,60.3,60.0,0,0,1,0,,95.8,0.0,0,0,0,0,0,0,0.0,7,7.0
","Johnny Hekker,7252,P,CAR,1,100,1,1,-4,2.3,0,0,0,100,1,0,0,0,1,0,0,5,60.4,61,60.3,60,0,0,1,0,,95.8,0,0,0,0,0,0,0,0,7,7
"
"Jaquan Johnson,51433,S,BUF,1,100.0,1,1,10.0,1.1,0,0,0.0,100.0,1,0,0,0.0,1,0,1,4,67.7,73.1,68.8,,0,0,1,0,,118.8,0.0,0,0,0,0,0,0,0.0,13,13.0
","Chris Boswell,8990,K,PIT,1,0,1,1,17,5.4,0,0,0,0,0,0,1,,1,0,0,25,60.4,38.8,49.5,,0,0,1,0,0,39.6,0,0,0,0,0,0,0,0,0,0
","Phillip Dorsett,9462,WR,HST,1,,0,1,,5.3,0,0,0.0,0.0,0,2,1,,1,0,0,13,74.9,55.7,60.0,,0,0,1,3,0.0,39.6,0.0,0,0,0,1,0,0,0.0,0,0.0
","Deebo Samuel,48274,WR,SF,1,,0,1,,5.1,0,0,0.0,0.0,0,0,1,,1,0,0,28,61.1,83.9,60.0,69.5,0,0,1,2,0.0,39.6,0.0,0,0,0,1,0,0,0.0,0,0.0
","Deebo Samuel,48274,WR,SF,1,,0,1,,5.1,0,0,0,0,0,0,1,,1,0,0,28,61.1,83.9,60,69.5,0,0,1,2,0,39.6,0,0,0,0,1,0,0,0,0,0
"
"Andy Lee,1906,P,ARZ,1,100.0,1,1,13.0,2.1,0,0,0.0,100.0,1,0,0,0.0,1,0,1,1,60.4,73.1,68.8,,0,0,1,0,,118.8,0.0,0,0,0,0,0,0,0.0,26,26.0
","Mike Gesicki,47153,TE,MIA,1,0,1,1,26,4.4,0,0,0,0,0,2,0,,1,0,0,17,81.8,68.7,51.2,60,0,0,1,4,,39.6,0,0,0,0,0,0,0,0,0,0
","Amari Cooper,9437,WR,CLV,1,0.0,1,1,27.0,4.5,0,0,0.0,0.0,0,0,1,,1,0,0,8,82.1,81.2,33.1,,0,1,1,5,0.0,0.0,0.0,0,0,0,0,0,1,100.0,0,0.0
","Thomas Morstead,5088,P,NYJ,1,100.0,1,1,9.0,1.9,0,0,0.0,100.0,1,0,0,0.0,1,0,1,22,60.4,69.8,67.2,,0,0,1,0,,118.8,0.0,0,0,0,0,0,0,0.0,18,18.0
","Thomas Morstead,5088,P,NYJ,1,100,1,1,9,1.9,0,0,0,100,1,0,0,0,1,0,1,22,60.4,69.8,67.2,,0,0,1,0,,118.8,0,0,0,0,0,0,0,0,18,18
"
"Keenan Allen,7857,WR,LAC,1,0.0,1,1,15.0,2.9,0,0,0.0,0.0,0,1,0,,1,0,0,27,58.1,84.9,48.9,,0,0,1,2,,39.6,0.0,0,0,0,0,0,0,0.0,0,0.0
","Danny Amendola,4717,WR,HST,1,0,1,1,15,2.8,0,0,0,0,0,0,0,,1,0,0,13,26.9,63.1,32.4,,0,0,1,1,,39.6,0,0,0,0,0,0,1,100,0,0
","Christian Kirk,47546,WR,JAX,1,0.0,1,1,-3.0,3.2,0,0,0.0,0.0,0,0,0,,1,0,0,15,85.2,72.9,60.3,51.9,0,0,1,1,,39.6,0.0,0,0,0,0,0,0,0.0,0,0.0
","Sean Clifford,51708,QB,GB,1,100.0,1,1,33.0,2.6,0,0,0.0,100.0,1,0,1,0.0,1,0,1,12,15.5,56.8,76.0,44.9,0,0,1,0,0.0,118.8,0.0,0,0,0,0,0,0,0.0,37,37.0
","Sean Clifford,51708,QB,GB,1,100,1,1,33,2.6,0,0,0,100,1,0,1,0,1,0,1,12,15.5,56.8,76,44.9,0,0,1,0,0,118.8,0,0,0,0,0,0,0,0,37,37
"
"Isaiah McKenzie,11927,WR,BUF,1,100.0,1,1,-5.0,2.8,0,0,0.0,100.0,1,1,0,0.0,1,0,1,4,81.1,72.4,60.0,48.5,0,0,1,2,,156.3,0.0,0,0,0,0,1,0,0.0,12,12.0
","Christian Kirk,47546,WR,ARZ,1,100,1,1,33,4.2,0,1,100,100,1,1,0,0,1,0,1,1,84.5,72.1,82.2,63.1,0,0,1,3,,118.8,0,0,0,0,0,0,0,0,33,33
","Andy Lee,1906,P,ARZ,1,100.0,1,1,0.0,2.0,0,0,0.0,100.0,1,0,0,0.0,1,0,1,1,60.4,59.5,60.3,,0,0,1,0,,83.3,0.0,0,0,0,0,0,0,0.0,4,4.0
","Connor Heyward,57301,TE,PIT,1,,0,1,,2.0,1,0,0.0,0.0,0,1,0,,1,0,0,25,76.3,55.5,60.0,59.3,0,0,1,4,,39.6,0.0,0,0,0,0,0,0,0.0,0,0.0
","Connor Heyward,57301,TE,PIT,1,,0,1,,2,1,0,0,0,0,1,0,,1,0,0,25,76.3,55.5,60,59.3,0,0,1,4,,39.6,0,0,0,0,0,0,0,0,0,0
"
"Zach Pascal,12303,WR,IND,1,0.0,1,1,13.0,3.0,0,0,0.0,0.0,0,1,0,,1,0,0,14,79.8,62.9,48.9,,0,0,1,4,,39.6,0.0,0,0,0,0,0,0,0.0,0,0.0
","Dante Pettis,48113,WR,NYG,1,100,1,1,15,3.5,0,0,0,100,1,0,0,0,1,0,1,21,74.3,68.3,68.8,,0,0,1,0,,118.8,0,0,0,0,0,0,0,0,16,16
","Rex Burkhead,7971,HB,HST,1,,0,1,,3.1,0,0,0.0,0.0,0,0,1,,1,0,0,13,82.5,59.1,60.0,57.2,0,0,1,0,0.0,39.6,0.0,0,0,0,1,0,0,0.0,0,0.0
","Braden Mann,44664,P,PHI,1,100.0,1,1,11.0,2.2,0,0,0.0,100.0,1,0,0,0.0,1,0,1,24,60.4,73.1,68.8,,0,0,1,0,,118.8,0.0,0,0,0,0,0,0,0.0,28,28.0
","Braden Mann,44664,P,PHI,1,100,1,1,11,2.2,0,0,0,100,1,0,0,0,1,0,1,24,60.4,73.1,68.8,,0,0,1,0,,118.8,0,0,0,0,0,0,0,0,28,28
"
"Jamal Agnew,11920,WR,DET,1,0.0,1,1,14.0,4.3,0,1,100.0,0.0,0,0,0,,1,0,0,11,34.2,56.7,77.6,61.6,0,0,1,1,,39.6,0.0,0,0,0,0,0,0,0.0,0,0.0
","Courtland Sutton,48164,WR,DEN,1,100,1,1,15,3.9,0,0,0,100,1,2,1,0,1,0,1,10,80.5,71.2,70.7,,0,0,1,7,0,118.8,0,0,0,0,0,0,0,0,16,16
","Mack Hollins,11873,WR,LV,1,100.0,1,1,-6.0,3.4,0,0,0.0,100.0,1,0,0,0.0,1,0,0,23,80.7,63.8,60.0,77.3,0,0,1,7,,83.3,0.0,0,0,0,0,0,0,0.0,4,4.0
","Devin Singletary,40485,HB,HST,1,100.0,1,1,12.0,2.7,0,0,0.0,100.0,1,0,1,0.0,1,0,1,13,85.0,75.1,69.5,78.1,0,0,1,0,0.0,131.3,0.0,0,0,0,0,1,0,0.0,6,6.0
","Devin Singletary,40485,HB,HST,1,100,1,1,12,2.7,0,0,0,100,1,0,1,0,1,0,1,13,85,75.1,69.5,78.1,0,0,1,0,0,131.3,0,0,0,0,0,1,0,0,6,6
"
"Chris Jones,6798,P,DAL,1,100.0,1,1,9.0,2.3,0,0,0.0,0.0,0,0,0,100.0,1,1,0,9,64.5,54.4,56.5,60.0,0,0,1,0,,39.6,0.0,0,0,0,0,0,0,0.0,0,0.0
","Albert Wilson,8943,WR,MIA,2,0,1,1,14,5.25,0,0,0,0,0,0,1,,2,0,0,17,77.6,59.3,67.7,66.8,0,0,2,1,100,39.6,50,1,0,0,0,0,0,0,0,0
","Tommy Townsend,33007,P,KC,1,0.0,1,1,1.0,3.4,0,0,0.0,0.0,0,0,0,,1,0,0,16,64.5,26.7,56.7,60.0,0,0,1,0,,39.6,0.0,0,0,0,0,0,0,0.0,0,0.0
","Kyle Trask,39987,QB,TB,1,0.0,1,1,12.0,2.3,0,1,100.0,0.0,0,0,0,,1,0,0,30,64.5,86.0,82.7,60.0,0,0,1,0,,39.6,0.0,0,0,0,0,0,0,0.0,0,0.0
","Kyle Trask,39987,QB,TB,1,0,1,1,12,2.3,0,1,100,0,0,0,0,,1,0,0,30,64.5,86,82.7,60,0,0,1,0,,39.6,0,0,0,0,0,0,0,0,0,0
"
"Zay Jones,11792,WR,LV,1,100.0,1,1,26.0,3.2,0,0,0.0,100.0,1,0,0,0.0,1,0,1,23,73.0,62.9,72.1,,0,0,1,1,,118.8,0.0,0,0,0,0,0,0,0.0,29,29.0
","Sam Koch,3148,P,BLT,1,0,1,1,9,2.1,0,0,0,0,0,0,0,,1,0,0,3,60.4,47.8,51.7,,0,0,1,0,,39.6,0,0,0,0,0,0,0,0,0,0
","Jack Fox,34735,P,DET,1,100.0,1,1,6.0,2.0,0,0,0.0,100.0,1,0,0,0.0,1,0,1,11,60.4,69.1,67.2,,0,0,1,0,,91.7,0.0,0,0,0,0,0,0,0.0,6,6.0
","Tommy Townsend,33007,P,KC,1,100.0,1,1,12.0,2.0,0,0,0.0,100.0,1,0,0,0.0,1,0,1,16,60.4,74.7,68.8,,0,0,1,0,,112.5,0.0,0,0,0,0,0,0,0.0,11,11.0
","Tommy Townsend,33007,P,KC,1,100,1,1,12,2,0,0,0,100,1,0,0,0,1,0,1,16,60.4,74.7,68.8,,0,0,1,0,,112.5,0,0,0,0,0,0,0,0,11,11
"
"Randall Cobb,6216,WR,HST,1,0.0,1,1,16.0,2.7,0,0,0.0,0.0,0,0,0,,1,0,0,13,77.9,71.6,46.4,,0,0,1,0,,39.6,0.0,0,0,0,0,0,0,0.0,0,0.0
","Tom Kennedy,94379,WR,DET,1,100,1,1,23,3.7,0,0,0,100,1,0,0,0,1,0,1,11,73.7,57.3,71,,0,0,1,0,,158.3,0,0,0,0,0,1,0,0,75,75
","Cooper Kupp,11824,WR,LA,1,0.0,1,1,25.0,3.3,0,0,0.0,0.0,0,0,1,,1,0,0,26,53.5,86.3,57.4,58.1,0,0,1,0,0.0,39.6,0.0,0,0,0,0,0,0,0.0,0,0.0
","Kadarius Toney,61245,WR,KC,1,0.0,1,1,16.0,4.6,0,0,0.0,0.0,0,0,1,,1,0,0,16,38.3,62.5,55.1,62.3,0,0,1,1,0.0,39.6,0.0,0,0,0,0,0,0,0.0,0,0.0
","Kadarius Toney,61245,WR,KC,1,0,1,1,16,4.6,0,0,0,0,0,0,1,,1,0,0,16,38.3,62.5,55.1,62.3,0,0,1,1,0,39.6,0,0,0,0,0,0,0,0,0,0
"
"Easton Stick,29466,QB,LAC,1,100.0,1,1,0.0,2.2,0,0,0.0,100.0,1,0,0,0.0,1,0,0,27,64.5,54.5,60.1,56.9,0,0,1,0,,83.3,0.0,0,0,0,0,0,0,0.0,4,4.0
","Keelan Cole Sr.,51593,WR,NYJ,1,0,1,1,9,3.4,0,0,0,0,0,0,1,,1,0,0,22,79.3,61.3,50.1,,0,0,1,1,0,39.6,0,0,0,0,0,0,0,0,0,0
","Chase Claypool,42312,WR,CHI,1,100.0,1,1,5.0,2.2,0,0,0.0,100.0,1,1,1,0.0,1,0,1,6,41.9,61.8,68.9,62.0,0,0,1,2,0.0,118.8,0.0,0,0,0,0,1,0,0.0,1,1.0
",,
"Cole Beasley,7330,WR,BUF,1,100.0,1,1,23.0,3.3,0,0,0.0,100.0,1,0,0,0.0,1,0,1,4,83.3,81.7,72.1,,0,0,1,2,,158.3,0.0,0,0,0,0,1,0,0.0,20,20.0
","Odell Beckham Jr.,8647,WR,LA,1,100,1,1,27,3,0,1,100,100,1,0,1,0,1,0,1,26,81.4,74.8,79.9,61.5,0,0,1,1,0,118.8,0,0,0,0,0,0,0,0,40,40
","DeeJay Dallas,55632,HB,SEA,1,0.0,1,1,14.0,3.0,0,0,0.0,0.0,0,0,0,,1,0,0,29,89.2,64.9,22.2,70.0,0,1,1,0,,0.0,0.0,0,0,0,0,0,1,100.0,0,0.0
",,
"Tommy Townsend,33007,P,KC,1,100.0,1,1,6.0,2.0,0,0,0.0,100.0,1,0,0,0.0,1,0,1,16,60.4,70.7,67.2,,0,0,1,0,,118.8,0.0,0,0,0,0,0,0,0.0,13,13.0
","D'Andre Swift,57212,HB,DET,1,,0,1,,2.4,0,0,0,0,0,1,1,,1,0,0,11,65,58,60,61.3,1,0,1,2,0,39.6,0,0,0,0,0,0,0,0,0,0
",,,
"Joseph Charlton,33672,P,CAR,2,100.0,1,1,18.0,2.45,0,0,0.0,100.0,1,0,1,0.0,2,0,1,5,63.6,69.6,67.4,,0,0,2,0,100.0,118.8,50.0,1,0,0,0,0,0,0.0,28,28.0
","Chris Banjo,8419,S,ARZ,1,100,1,1,20,2,0,0,0,100,1,0,0,0,1,0,1,1,60.4,60.5,60.1,,0,0,1,0,,118.8,0,0,0,0,0,0,0,0,23,23
",,,
"Odell Beckham Jr.,8647,WR,CLV,1,100.0,1,1,17.0,3.6,0,0,0.0,100.0,1,0,0,0.0,1,0,1,8,76.5,75.3,55.1,90.2,0,0,1,2,,118.8,0.0,0,0,0,0,0,0,0.0,18,18.0
","Rex Burkhead,7971,HB,HST,1,,0,1,,4.5,0,0,0,0,0,0,1,,1,0,0,13,72.3,65.4,60,60.6,0,0,1,0,0,39.6,0,0,0,0,1,0,0,0,0,0
",,,
"Alex Erickson,11107,WR,CIN,1,0.0,1,1,21.0,4.6,0,0,0.0,0.0,0,0,1,,1,0,0,7,29.6,53.4,51.2,28.6,0,0,1,0,0.0,39.6,0.0,0,0,0,0,0,0,0.0,0,0.0
","Keenan Allen,7857,WR,LAC,2,0,1,1,14,3.1,0,0,0,0,0,0,0,,1,0,0,27,59.9,77.5,60.1,,0,0,2,4,,39.6,0,0,0,0,0,0,0,0,0,0
",,,
"Isaiah Wright,40113,WR,WAS,1,,0,1,,6.4,0,0,0.0,0.0,0,0,1,,1,0,0,32,48.2,57.5,60.0,66.5,0,0,1,0,0.0,39.6,0.0,0,0,0,1,0,0,0.0,0,0.0
","Travis Kelce,7844,TE,KC,1,100,1,1,7,2.1,0,0,0,100,1,1,0,0,1,0,1,16,62.1,85,71.9,60.9,0,0,1,7,,118.8,0,0,0,0,0,1,0,0,2,2
",,,
"Riley Dixon,10862,P,NYG,2,0.0,1,1,12.0,2.5,0,0,0.0,0.0,0,0,0,,1,0,0,21,63.6,64.3,63.0,,0,0,2,0,,39.6,0.0,0,0,0,0,0,0,0.0,0,0.0
","Cordarrelle Patterson,7810,HB,ATL,1,,0,1,,4,0,0,0,0,0,0,1,,1,0,0,2,80.1,81.3,60,63.7,0,0,1,0,0,39.6,0,0,0,0,1,0,0,0,0,0
",,,
,"Cole Beasley,7330,WR,BUF,1,0,1,1,22,3.1,0,0,0,0,0,0,0,,1,0,0,4,55.2,68.3,51.2,,0,0,1,1,,39.6,0,0,0,0,0,0,0,0,0,0
",,,
,"Brandon Zylstra,66438,WR,CAR,1,0,1,1,20,2.8,0,0,0,0,0,0,0,,1,0,0,5,74.2,63.8,52.2,,0,0,1,1,,39.6,0,0,0,0,0,0,0,0,0,0
",,,
,"Johnny Hekker,7252,P,LA,3,100,1,1,-4,2.9,0,0,0,100,1,0,1,0,1,0,0,26,13.5,39.9,46.7,60,0,0,3,0,0,79.2,0,0,0,0,0,0,1,33.3,2,2
",,,
,"Feleipe Franks,40217,QB,ATL,1,0,1,1,3,1.7,0,0,0,0,0,0,0,,1,0,0,2,68.2,27.1,57.7,49.2,0,1,1,0,,0,0,0,0,0,0,0,1,100,0,0
",,,
,"Kendall Hinton,34045,WR,DEN,1,100,1,1,-5,3.3,0,0,0,100,1,0,1,0,1,0,0,10,76.3,66.5,60.3,,0,0,1,1,0,79.2,0,0,0,0,0,0,0,0,1,1
",,,
,"Tommy Townsend,33007,P,KC,1,100,1,1,11,2.1,0,0,0,100,1,0,0,0,1,0,1,16,60.4,73.1,68.8,,0,0,1,0,,118.8,0,0,0,0,0,0,0,0,16,16
",,,
,"Kendrick Bourne,12270,WR,NE,1,100,1,1,22,3.4,0,0,0,100,1,0,1,0,1,0,1,19,51.6,77.8,71,76.3,0,0,1,3,0,158.3,0,0,0,0,0,1,0,0,25,25
",,,
